name,department,role,score,attempt,courseRating,quizRating,instructorRating,contentRating,satisfaction
Aaron Murphy,Full Stack,Solution Enabler,44.771929824561404,2.912280701754386,3.1451612903225805,3.0,3.193548387096774,2.903225806451613,2.838709677419355
Aaron Wilkinson,Data Engineering,Software Engineer,46.320754716981135,3.207547169811321,2.8904109589041096,2.9452054794520546,3.2465753424657535,3.219178082191781,3.0684931506849313
Alan Pace,Full Stack,Software Engineer,46.57142857142857,2.6285714285714286,3.2027027027027026,2.8513513513513513,3.108108108108108,2.945945945945946,2.72972972972973
Alejandro Mitchell,Full Stack,Solution Consultant,51.68333333333333,3.3833333333333333,2.9038461538461537,3.269230769230769,3.0576923076923075,2.75,2.980769230769231
Alex Garcia,Data Science,Solution Enabler,54.867924528301884,2.811320754716981,3.2459016393442623,2.80327868852459,3.1475409836065573,2.80327868852459,2.901639344262295
Alexander Rodriguez,Data Science,Software Engineer,50.128571428571426,3.085714285714286,3.0517241379310347,3.5344827586206895,2.8275862068965516,3.2758620689655173,3.0344827586206895
Alexis Rivas,Data Science,Sr Software Engineer,47.68181818181818,3.242424242424242,2.972972972972973,3.2027027027027026,2.824324324324324,3.3378378378378377,2.9864864864864864
Allen Romero,Data Science,Solution Enabler,45.93650793650794,2.857142857142857,2.6666666666666665,2.8771929824561404,3.0,3.280701754385965,3.0526315789473686
Amanda Reid,Data Engineering,Software Engineer,48.76119402985075,2.8358208955223883,3.0377358490566038,3.1320754716981134,3.056603773584906,2.641509433962264,3.0754716981132075
Amber Hickman,Data Engineering,Software Engineer,48.903225806451616,2.8548387096774195,3.142857142857143,3.2448979591836733,3.3877551020408165,3.142857142857143,3.020408163265306
Amber Jones,Full Stack,Software Engineer,51.02857142857143,3.057142857142857,2.918032786885246,3.3114754098360657,2.9836065573770494,2.819672131147541,2.9344262295081966
Amber Reyes,Full Stack,Solution Consultant,55.516129032258064,3.1129032258064515,3.169230769230769,2.769230769230769,2.9692307692307693,3.046153846153846,3.0615384615384613
Amy Page,Data Science,Solution Consultant,54.64705882352941,3.0941176470588236,3.0144927536231885,3.130434782608696,2.898550724637681,2.869565217391304,3.130434782608696
Amy Ray,Full Stack,Sr Software Engineer,58.60606060606061,2.9393939393939394,3.169811320754717,3.1132075471698113,3.0377358490566038,3.0377358490566038,3.056603773584906
Andre Boyle,Full Stack,Software Engineer,49.46268656716418,3.029850746268657,3.05,3.0833333333333335,2.9166666666666665,2.8333333333333335,3.0166666666666666
Andrea Holland,Data Science,Solution Consultant,50.41509433962264,3.1320754716981134,2.671875,3.109375,2.765625,2.921875,3.03125
Andrea Peterson,Data Engineering,Solution Enabler,46.81159420289855,3.0434782608695654,3.1016949152542375,2.9152542372881354,3.1016949152542375,3.0847457627118646,3.2033898305084745
Andrew Ali,Full Stack,Software Engineer,57.074074074074076,3.2222222222222223,2.6842105263157894,2.5789473684210527,3.0701754385964914,2.8771929824561404,3.3859649122807016
Andrew Johnson,Full Stack,Sr Software Engineer,56.55223880597015,3.0597014925373136,3.0172413793103448,2.689655172413793,2.7758620689655173,3.0172413793103448,2.7413793103448274
Andrew May,Data Science,Sr Software Engineer,51.17857142857143,2.9107142857142856,3.2,3.26,3.36,2.9,2.7
Angel Smith II,Data Science,Software Engineer,51.861111111111114,3.0833333333333335,3.0317460317460316,3.1587301587301586,2.984126984126984,3.142857142857143,2.5555555555555554
Angela Christian,Data Science,Software Engineer,50.490196078431374,3.196078431372549,2.7301587301587302,3.2063492063492065,2.619047619047619,2.9682539682539684,3.0952380952380953
Angela Lopez,Data Engineering,Solution Enabler,48.107142857142854,2.9464285714285716,3.0555555555555554,2.8333333333333335,2.888888888888889,2.9444444444444446,2.8518518518518516
Angela Salazar,Data Engineering,Solution Consultant,43.24561403508772,2.8421052631578947,2.6610169491525424,3.0508474576271185,3.1016949152542375,3.1186440677966103,2.9661016949152543
Ann Powell,Data Science,Software Engineer,43.95,2.7,3.0634920634920637,3.0476190476190474,2.9682539682539684,2.7142857142857144,3.1587301587301586
Anna Moore,Data Engineering,Solution Enabler,52.91525423728814,3.016949152542373,2.824561403508772,3.0350877192982457,2.9298245614035086,3.1403508771929824,2.824561403508772
Anna Preston,Full Stack,Solution Enabler,59.94285714285714,2.6285714285714286,2.8524590163934427,3.0491803278688523,2.9672131147540983,3.0491803278688523,2.7868852459016393
Anne Morales,Data Engineering,Sr Software Engineer,41.18840579710145,3.0869565217391304,3.338709677419355,2.774193548387097,2.8870967741935485,3.161290322580645,2.967741935483871
Anne Rodriguez,Data Science,Solution Consultant,49.32835820895522,2.925373134328358,2.6037735849056602,3.0377358490566038,2.981132075471698,3.2641509433962264,2.8867924528301887
Anthony Duffy,Data Science,Solution Consultant,44.39622641509434,3.0943396226415096,2.9019607843137254,3.0,3.0588235294117645,2.8823529411764706,2.9019607843137254
Anthony Hicks,Data Science,Solution Enabler,56.28846153846154,3.0,3.0,3.157142857142857,3.0285714285714285,2.8142857142857145,2.7857142857142856
Anthony Levy,Full Stack,Solution Enabler,52.3134328358209,2.955223880597015,3.2545454545454544,3.2545454545454544,2.890909090909091,3.3636363636363638,3.018181818181818
Anthony Norris,Data Engineering,Sr Software Engineer,53.9375,2.703125,3.1,3.0166666666666666,2.9833333333333334,2.5833333333333335,2.95
Anthony Richard,Data Science,Sr Software Engineer,47.03846153846154,3.1153846153846154,3.0793650793650795,2.5714285714285716,3.0317460317460316,3.1746031746031744,2.9365079365079363
Anthony Stewart,Full Stack,Solution Consultant,54.295081967213115,3.0,2.8448275862068964,2.689655172413793,3.1551724137931036,3.1551724137931036,3.189655172413793
April Smith,Data Science,Solution Consultant,56.36,3.26,2.8688524590163933,3.0491803278688523,2.9344262295081966,3.360655737704918,2.737704918032787
Arthur Davila,Full Stack,Sr Software Engineer,50.317460317460316,3.2063492063492065,3.0689655172413794,2.9482758620689653,3.086206896551724,2.8620689655172415,2.603448275862069
Ashlee Stevens,Data Science,Sr Software Engineer,48.18032786885246,3.1639344262295084,2.7346938775510203,2.857142857142857,2.979591836734694,3.2653061224489797,3.061224489795918
Ashley Mckee,Data Engineering,Software Engineer,53.96491228070175,3.0350877192982457,2.765625,3.4375,2.96875,2.9375,3.171875
Ashley Phillips,Data Science,Solution Enabler,52.6,2.9846153846153847,2.857142857142857,3.126984126984127,3.0317460317460316,2.9365079365079363,3.0317460317460316
Ashley Quinn,Full Stack,Solution Enabler,49.067796610169495,3.135593220338983,3.180327868852459,2.9672131147540983,2.819672131147541,3.081967213114754,3.0655737704918034
Austin Miller,Data Science,Solution Enabler,41.75,3.2,2.9285714285714284,3.357142857142857,2.982142857142857,2.7142857142857144,3.3214285714285716
Autumn Campbell,Data Engineering,Software Engineer,51.25,3.2115384615384617,3.3220338983050848,3.2033898305084745,2.7457627118644066,3.152542372881356,2.6271186440677967
Barbara Bishop,Full Stack,Solution Enabler,47.2962962962963,2.4444444444444446,3.169811320754717,2.792452830188679,3.0377358490566038,2.792452830188679,2.8867924528301887
Barbara Ford,Data Science,Sr Software Engineer,53.79661016949152,3.2711864406779663,3.0434782608695654,3.152173913043478,2.847826086956522,3.0652173913043477,2.891304347826087
Barbara Henderson,Data Engineering,Software Engineer,46.890625,2.78125,2.793103448275862,3.0517241379310347,3.0172413793103448,3.206896551724138,2.9655172413793105
Barry Holloway,Full Stack,Sr Software Engineer,51.142857142857146,3.0634920634920637,3.1147540983606556,2.8852459016393444,3.262295081967213,3.081967213114754,2.8524590163934427
Barry Wagner,Data Engineering,Software Engineer,47.67857142857143,3.0535714285714284,2.8979591836734695,3.0816326530612246,3.163265306122449,3.061224489795918,2.795918367346939
Benjamin Ross,Data Engineering,Solution Enabler,54.54545454545455,2.8636363636363638,3.242424242424242,3.0,2.8333333333333335,2.9545454545454546,3.121212121212121
Benjamin Thomas,Data Science,Solution Consultant,57.19642857142857,2.9464285714285716,3.085714285714286,2.857142857142857,2.9285714285714284,3.142857142857143,3.085714285714286
Bethany Nelson,Full Stack,Sr Software Engineer,51.87931034482759,2.9310344827586206,2.9206349206349205,2.619047619047619,2.6825396825396823,3.238095238095238,3.0
Betty Carpenter,Data Science,Sr Software Engineer,48.76470588235294,3.1470588235294117,3.0277777777777777,2.75,2.888888888888889,2.9305555555555554,3.1944444444444446
Bonnie Thomas,Full Stack,Sr Software Engineer,45.391304347826086,2.8115942028985508,2.876923076923077,2.9076923076923076,3.1384615384615384,2.923076923076923,3.230769230769231
Bradley Little,Full Stack,Sr Software Engineer,51.86440677966102,3.2711864406779663,2.6984126984126986,2.6825396825396823,2.9047619047619047,3.0,3.4285714285714284
Brandon Anderson,Data Engineering,Sr Software Engineer,50.25,2.8333333333333335,3.0350877192982457,3.1228070175438596,3.0701754385964914,2.9298245614035086,2.982456140350877
Brandon Carr,Full Stack,Solution Consultant,47.309859154929576,2.943661971830986,2.8181818181818183,2.8484848484848486,3.1515151515151514,2.787878787878788,3.0606060606060606
Brandon Lynch,Data Engineering,Software Engineer,53.06666666666667,2.7666666666666666,3.0945945945945947,3.3378378378378377,3.22972972972973,2.810810810810811,2.9864864864864864
Brandy Gutierrez,Full Stack,Solution Consultant,51.05172413793103,2.5517241379310347,3.3333333333333335,2.95,2.95,2.683333333333333,3.1666666666666665
Brenda Gonzalez,Data Science,Solution Enabler,50.89090909090909,2.9454545454545453,2.9285714285714284,2.8214285714285716,3.1964285714285716,2.8392857142857144,3.0357142857142856
Brenda Nixon,Full Stack,Solution Enabler,45.38095238095238,2.7936507936507935,2.875,2.9464285714285716,3.0535714285714284,2.9285714285714284,2.875
Brian Lopez,Data Engineering,Solution Consultant,51.96774193548387,3.0806451612903225,3.152542372881356,2.864406779661017,2.9152542372881354,3.288135593220339,3.0508474576271185
Brian Martin,Full Stack,Solution Consultant,46.17460317460318,2.6666666666666665,3.0535714285714284,3.25,3.1964285714285716,3.0357142857142856,2.9464285714285716
Brian Maynard,Data Science,Solution Consultant,51.3728813559322,3.016949152542373,2.875,3.0714285714285716,2.5535714285714284,3.2142857142857144,3.0714285714285716
Brian Rogers,Data Engineering,Solution Consultant,50.094339622641506,3.169811320754717,3.403225806451613,3.2419354838709675,2.935483870967742,2.8225806451612905,3.3225806451612905
Brianna Jones,Full Stack,Solution Consultant,45.483333333333334,2.8333333333333335,3.0701754385964914,2.982456140350877,3.0,3.0350877192982457,2.8771929824561404
Brittany Dixon,Data Engineering,Software Engineer,49.857142857142854,2.836734693877551,3.0357142857142856,3.375,2.8214285714285716,2.9464285714285716,2.857142857142857
Brittany Wagner,Data Engineering,Solution Enabler,47.55555555555556,2.925925925925926,2.7746478873239435,2.9295774647887325,3.1549295774647885,3.112676056338028,3.1549295774647885
Brittney Johnson,Data Science,Solution Consultant,51.059701492537314,2.925373134328358,3.315068493150685,2.904109589041096,2.958904109589041,3.0684931506849313,2.9178082191780823
Bryan Benitez,Full Stack,Software Engineer,48.916666666666664,2.875,2.7972972972972974,3.1621621621621623,3.135135135135135,2.918918918918919,3.0135135135135136
Bryan Patel,Data Science,Solution Enabler,49.56521739130435,3.0217391304347827,3.0392156862745097,2.980392156862745,2.9215686274509802,2.7058823529411766,2.9607843137254903
Calvin Williams,Data Science,Software Engineer,44.67796610169491,3.135593220338983,2.769230769230769,3.0615384615384613,3.0153846153846153,3.1846153846153844,3.0615384615384613
Cameron Adams,Data Engineering,Software Engineer,53.3469387755102,2.979591836734694,2.6862745098039214,2.7254901960784315,3.1176470588235294,3.3333333333333335,2.803921568627451
Candice King,Data Science,Solution Consultant,53.35,3.3833333333333333,2.923076923076923,3.0153846153846153,3.0153846153846153,3.076923076923077,2.9692307692307693
Carrie Mclaughlin,Data Engineering,Software Engineer,49.73684210526316,3.017543859649123,2.8275862068965516,3.086206896551724,3.0,2.5172413793103448,3.0172413793103448
Casey Pineda,Data Engineering,Solution Consultant,47.369565217391305,3.0434782608695654,3.0,2.806451612903226,2.6451612903225805,2.870967741935484,3.129032258064516
Catherine Nelson,Data Engineering,Software Engineer,56.421052631578945,2.912280701754386,2.984375,3.34375,3.203125,2.984375,3.0625
Charles Goodman,Data Science,Solution Enabler,46.22222222222222,3.1746031746031744,2.7758620689655173,3.293103448275862,3.1206896551724137,2.913793103448276,3.0517241379310347
Cheryl Sandoval,Data Science,Solution Consultant,47.74074074074074,3.0555555555555554,3.0526315789473686,2.736842105263158,3.1052631578947367,3.0526315789473686,2.8947368421052633
Christian Smith,Full Stack,Software Engineer,49.71875,3.15625,3.036363636363636,3.2181818181818183,3.109090909090909,2.7454545454545456,2.981818181818182
Christian Williams,Data Science,Software Engineer,49.557377049180324,2.8852459016393444,2.7704918032786887,3.0491803278688523,3.0163934426229506,2.918032786885246,2.901639344262295
Christina Cox,Full Stack,Solution Enabler,50.96551724137931,3.206896551724138,3.0,3.2241379310344827,2.9827586206896552,2.7586206896551726,3.1724137931034484
Christine Curry,Data Science,Solution Enabler,46.36764705882353,3.014705882352941,3.0972222222222223,3.388888888888889,3.1527777777777777,3.0694444444444446,3.0555555555555554
Christine Eaton,Data Engineering,Software Engineer,57.824561403508774,3.1052631578947367,3.4285714285714284,3.2285714285714286,3.2857142857142856,2.8142857142857145,2.9285714285714284
Christine Parks,Data Engineering,Solution Enabler,50.25423728813559,2.9322033898305087,2.8679245283018866,3.1320754716981134,3.150943396226415,2.9245283018867925,2.830188679245283
Christine Wright,Full Stack,Solution Consultant,50.24193548387097,2.7419354838709675,3.2625,3.1125,2.85,3.05,3.2
Christopher Barnett,Full Stack,Solution Consultant,44.39705882352941,3.1323529411764706,3.323943661971831,2.7464788732394365,3.0704225352112675,2.9859154929577465,2.9577464788732395
Christopher Brown,Data Engineering,Solution Enabler,56.588235294117645,3.0588235294117645,2.9508196721311477,2.9672131147540983,3.278688524590164,3.0163934426229506,3.1147540983606556
Christopher Brown,Data Engineering,Sr Software Engineer,52.08474576271186,2.847457627118644,3.1475409836065573,2.8360655737704916,3.1475409836065573,2.9344262295081966,2.8524590163934427
Christopher Marshall,Full Stack,Solution Consultant,45.370370370370374,2.9814814814814814,3.015151515151515,2.984848484848485,3.1666666666666665,2.9393939393939394,3.212121212121212
Christopher Martin,Full Stack,Software Engineer,50.87096774193548,2.7903225806451615,3.0925925925925926,2.6296296296296298,3.2962962962962963,3.2222222222222223,3.0925925925925926
Christopher Mcdaniel,Full Stack,Solution Consultant,53.588235294117645,3.235294117647059,3.0365853658536586,3.097560975609756,3.182926829268293,2.9878048780487805,2.8780487804878048
Christopher Meyers,Full Stack,Sr Software Engineer,49.92727272727273,2.727272727272727,3.0,2.9642857142857144,3.0357142857142856,2.892857142857143,2.982142857142857
Christopher Moore,Data Engineering,Sr Software Engineer,52.36363636363637,3.1636363636363636,2.967741935483871,3.0161290322580645,3.0483870967741935,2.7419354838709675,3.1129032258064515
Christopher Peterson,Data Engineering,Solution Enabler,50.733333333333334,2.8,2.9508196721311477,2.9836065573770494,3.0163934426229506,3.1639344262295084,3.0327868852459017
Christy Rowe,Full Stack,Sr Software Engineer,51.870370370370374,2.962962962962963,3.098360655737705,3.0655737704918034,3.0491803278688523,2.9672131147540983,2.7540983606557377
Claudia Powers,Data Engineering,Sr Software Engineer,48.52542372881356,2.9322033898305087,3.0517241379310347,2.8793103448275863,3.1724137931034484,3.0689655172413794,2.9827586206896552
Cody Webb,Data Science,Sr Software Engineer,45.71084337349398,2.8072289156626504,3.185185185185185,2.9074074074074074,3.0185185185185186,3.1481481481481484,3.0
Colleen Jenkins,Full Stack,Solution Consultant,48.875,3.0,2.849056603773585,2.943396226415094,3.0943396226415096,3.1132075471698113,3.188679245283019
Colleen Watson DDS,Data Engineering,Solution Enabler,57.94444444444444,3.0555555555555554,3.1666666666666665,3.015151515151515,3.1363636363636362,2.757575757575758,2.984848484848485
Collin Sutton,Full Stack,Software Engineer,44.57142857142857,3.2653061224489797,3.0384615384615383,3.0384615384615383,3.076923076923077,2.980769230769231,3.173076923076923
Courtney Glass,Full Stack,Software Engineer,52.08474576271186,2.8813559322033897,2.873015873015873,3.0952380952380953,3.2063492063492065,3.142857142857143,2.9047619047619047
Craig Chapman,Data Engineering,Solution Enabler,45.84848484848485,3.1515151515151514,3.25531914893617,2.6382978723404253,2.8085106382978724,2.8085106382978724,2.765957446808511
Crystal Mason,Full Stack,Solution Enabler,52.95238095238095,2.6984126984126986,2.8,2.96,2.72,2.98,2.96
Curtis Dunlap,Full Stack,Sr Software Engineer,58.15714285714286,3.2285714285714286,2.9393939393939394,2.727272727272727,2.6363636363636362,2.9545454545454546,3.0303030303030303
Cynthia Hooper,Data Science,Sr Software Engineer,44.38775510204081,3.0816326530612246,2.9078947368421053,3.013157894736842,3.0789473684210527,3.0657894736842106,3.0657894736842106
Dale Mccoy,Full Stack,Solution Enabler,57.29577464788732,3.0704225352112675,2.982142857142857,3.0,3.3035714285714284,2.6785714285714284,3.3214285714285716
Dana Reyes,Data Science,Software Engineer,49.61971830985915,2.859154929577465,3.0,2.6216216216216215,2.918918918918919,3.0,3.1486486486486487
Dana Robinson,Data Engineering,Solution Consultant,55.25925925925926,2.9074074074074074,2.8823529411764706,3.196078431372549,3.019607843137255,2.823529411764706,2.7450980392156863
Daniel Martin,Data Engineering,Software Engineer,54.26984126984127,2.3492063492063493,2.890909090909091,2.981818181818182,2.8545454545454545,2.981818181818182,2.7454545454545456
Daniel Montes,Data Engineering,Software Engineer,50.67796610169491,2.5762711864406778,3.0,2.814814814814815,2.962962962962963,3.1481481481481484,3.074074074074074
Danielle Glover,Data Engineering,Solution Consultant,48.20634920634921,3.126984126984127,2.96,2.96,3.14,2.94,3.08
Danielle Robinson,Data Engineering,Solution Enabler,53.65277777777778,2.6944444444444446,2.8275862068965516,2.913793103448276,2.8793103448275863,3.0172413793103448,2.9310344827586206
David Anderson,Full Stack,Solution Consultant,50.31481481481482,2.7037037037037037,2.8333333333333335,3.2708333333333335,3.1041666666666665,2.9791666666666665,3.0625
David Austin,Full Stack,Solution Consultant,52.18181818181818,3.327272727272727,3.482142857142857,3.3392857142857144,3.232142857142857,3.4285714285714284,2.8214285714285716
David Barajas,Data Science,Software Engineer,53.233333333333334,3.033333333333333,2.6166666666666667,3.25,3.0833333333333335,3.0833333333333335,2.8
David Copeland,Data Science,Sr Software Engineer,54.78688524590164,2.901639344262295,2.9846153846153847,3.0923076923076924,3.0153846153846153,2.9692307692307693,2.923076923076923
David Gillespie,Data Science,Software Engineer,55.03125,3.15625,3.225806451612903,3.2096774193548385,3.1451612903225805,2.9838709677419355,3.0
David Gray,Data Engineering,Solution Enabler,51.822784810126585,3.037974683544304,3.0555555555555554,3.0925925925925926,2.888888888888889,2.8703703703703702,3.0925925925925926
David Gutierrez,Data Science,Solution Consultant,45.244897959183675,3.0408163265306123,3.016949152542373,3.0508474576271185,3.457627118644068,3.440677966101695,2.9491525423728815
David Henry,Data Science,Software Engineer,46.79365079365079,2.9523809523809526,2.9078947368421053,3.263157894736842,3.4078947368421053,3.25,2.8026315789473686
David Moore,Data Engineering,Sr Software Engineer,48.05084745762712,3.0677966101694913,2.721311475409836,3.19672131147541,3.639344262295082,3.2950819672131146,3.2295081967213113
David Parker,Data Science,Solution Consultant,54.72222222222222,3.1666666666666665,2.9473684210526314,3.0701754385964914,3.3157894736842106,3.210526315789474,2.9649122807017543
David Proctor,Data Science,Solution Consultant,44.52459016393443,3.360655737704918,2.893939393939394,2.727272727272727,3.303030303030303,3.0757575757575757,2.5454545454545454
David Taylor,Full Stack,Solution Enabler,53.36486486486486,2.7432432432432434,3.125,2.9285714285714284,2.767857142857143,3.2857142857142856,3.3392857142857144
Deborah Dennis,Data Science,Sr Software Engineer,52.285714285714285,3.0408163265306123,2.7755102040816326,3.0408163265306123,3.0816326530612246,3.5306122448979593,3.020408163265306
Debra Hall,Data Engineering,Sr Software Engineer,46.223880597014926,2.8656716417910446,3.240740740740741,3.0925925925925926,2.9074074074074074,2.925925925925926,2.8703703703703702
Denise Becker,Data Engineering,Software Engineer,56.51724137931034,2.896551724137931,2.9583333333333335,2.8125,3.1875,3.1875,2.8958333333333335
Denise Martinez,Full Stack,Solution Enabler,47.925925925925924,2.962962962962963,2.7301587301587302,3.4603174603174605,2.9206349206349205,3.0476190476190474,2.9682539682539684
Dennis Frey,Data Engineering,Solution Consultant,51.9264705882353,2.7794117647058822,3.30188679245283,2.7735849056603774,3.188679245283019,2.849056603773585,2.8867924528301887
Dennis Leon,Data Science,Solution Enabler,47.53225806451613,2.8225806451612905,3.0943396226415096,3.0377358490566038,2.830188679245283,3.188679245283019,3.188679245283019
Dennis Smith,Full Stack,Sr Software Engineer,58.465753424657535,3.0684931506849313,3.1285714285714286,3.3142857142857145,3.2714285714285714,2.8,3.3285714285714287
Derek Scott,Data Engineering,Solution Consultant,53.767857142857146,2.6785714285714284,2.7254901960784315,2.980392156862745,3.1372549019607843,3.176470588235294,3.019607843137255
Derrick Davis,Full Stack,Solution Consultant,43.44827586206897,2.896551724137931,3.016949152542373,3.016949152542373,2.9322033898305087,2.6271186440677967,2.7966101694915255
Desiree Moody,Full Stack,Software Engineer,47.0,3.1186440677966103,3.142857142857143,3.4285714285714284,2.9183673469387754,3.0816326530612246,2.8979591836734695
Devin Adams,Full Stack,Sr Software Engineer,49.13461538461539,2.9423076923076925,2.7384615384615385,3.0307692307692307,2.8615384615384616,3.076923076923077,3.4307692307692306
Devin Roy,Data Engineering,Software Engineer,54.535714285714285,2.8214285714285716,2.66,3.02,2.6,3.06,3.22
Dominic Dennis,Data Engineering,Solution Consultant,56.666666666666664,2.9298245614035086,3.2045454545454546,3.090909090909091,3.022727272727273,2.477272727272727,3.0681818181818183
Donald Armstrong,Data Science,Solution Enabler,54.142857142857146,3.0317460317460316,3.0384615384615383,3.25,3.2884615384615383,2.8653846153846154,3.019230769230769
Douglas Williams,Data Engineering,Solution Consultant,49.0,3.033333333333333,3.242424242424242,3.1363636363636362,3.090909090909091,2.984848484848485,3.227272727272727
Dr. Cheryl Martin DVM,Full Stack,Sr Software Engineer,52.13559322033898,2.9322033898305087,3.0754716981132075,3.1320754716981134,3.150943396226415,2.9056603773584904,2.9622641509433962
Dr. Grant Moore,Data Engineering,Solution Consultant,47.63461538461539,2.8653846153846154,3.282608695652174,3.0,3.4782608695652173,2.369565217391304,3.0652173913043477
Dr. Luis Chung,Data Science,Sr Software Engineer,53.276595744680854,2.9148936170212765,3.033333333333333,2.8333333333333335,3.2,2.8666666666666667,3.283333333333333
Dr. Ryan Lewis,Data Science,Solution Enabler,45.31147540983606,3.2459016393442623,3.0,3.0,3.08,3.08,2.74
Dylan Harris,Data Engineering,Solution Consultant,52.515151515151516,2.8484848484848486,3.04,2.8133333333333335,3.0533333333333332,2.96,2.8933333333333335
Edward Levine,Data Science,Software Engineer,53.688311688311686,2.844155844155844,3.06,3.02,2.92,3.12,3.32
Edward Mejia,Data Science,Solution Enabler,45.31428571428572,2.7714285714285714,2.7058823529411766,2.9607843137254903,3.0,3.392156862745098,2.9411764705882355
Edward Wyatt,Data Engineering,Software Engineer,52.47692307692308,3.3846153846153846,3.2027027027027026,3.0945945945945947,3.22972972972973,3.0135135135135136,3.0
Elizabeth Rodriguez,Data Engineering,Sr Software Engineer,46.86842105263158,2.789473684210526,2.574074074074074,2.8518518518518516,3.0555555555555554,2.7222222222222223,3.0555555555555554
Elizabeth Snyder,Full Stack,Software Engineer,46.983050847457626,3.3220338983050848,3.353846153846154,3.0,2.476923076923077,3.246153846153846,2.8923076923076922
Emily Adams,Data Science,Software Engineer,51.220338983050844,3.152542372881356,3.0547945205479454,3.0136986301369864,3.3835616438356166,3.0,2.808219178082192
Emily Taylor,Data Engineering,Solution Consultant,45.967213114754095,2.9344262295081966,2.7777777777777777,2.9682539682539684,3.0952380952380953,3.126984126984127,3.3968253968253967
Emily Wall,Data Science,Sr Software Engineer,51.6875,3.015625,3.1549295774647885,2.704225352112676,3.1549295774647885,3.0140845070422535,3.2535211267605635
Emily Williams,Data Engineering,Solution Consultant,54.80952380952381,2.984126984126984,2.683333333333333,3.15,3.2333333333333334,3.2,3.0166666666666666
Eric Brown,Full Stack,Sr Software Engineer,51.91935483870968,2.838709677419355,2.945945945945946,3.1486486486486487,3.0405405405405403,2.77027027027027,2.9594594594594597
Eric Cole,Data Science,Solution Enabler,47.03921568627451,3.0,3.0579710144927534,2.8405797101449277,3.0869565217391304,3.0869565217391304,2.927536231884058
Eric Lamb,Full Stack,Software Engineer,49.758620689655174,2.9482758620689653,2.7735849056603774,2.849056603773585,2.811320754716981,3.1320754716981134,2.8867924528301887
Erica Scott,Data Engineering,Solution Consultant,50.1578947368421,2.789473684210526,2.7083333333333335,2.9791666666666665,2.9583333333333335,2.8958333333333335,2.8958333333333335
Evan Hall,Full Stack,Sr Software Engineer,45.0,3.1964285714285716,2.7450980392156863,2.9607843137254903,3.176470588235294,2.8823529411764706,3.0392156862745097
Evelyn Liu,Data Science,Solution Enabler,49.083333333333336,3.013888888888889,2.9047619047619047,3.238095238095238,3.0634920634920637,3.3174603174603177,3.015873015873016
Fred Short,Full Stack,Sr Software Engineer,52.96078431372549,3.0588235294117645,3.0555555555555554,2.9814814814814814,3.037037037037037,3.0925925925925926,3.037037037037037
Frederick Brown,Data Engineering,Sr Software Engineer,48.716981132075475,3.2264150943396226,2.9411764705882355,2.8823529411764706,2.8627450980392157,2.8823529411764706,3.196078431372549
Gary Gillespie,Full Stack,Sr Software Engineer,46.37931034482759,2.7413793103448274,3.078125,3.09375,2.890625,3.046875,3.078125
Gary Jackson,Full Stack,Solution Consultant,54.317460317460316,2.857142857142857,3.09375,2.71875,2.578125,3.140625,2.84375
Gary Sloan,Data Engineering,Solution Enabler,46.431372549019606,3.176470588235294,2.6964285714285716,3.0714285714285716,2.9107142857142856,2.8214285714285716,3.1607142857142856
George Humphrey,Data Science,Software Engineer,46.56603773584906,3.2264150943396226,3.0161290322580645,3.2580645161290325,3.096774193548387,3.1129032258064515,3.032258064516129
Glen Miles,Data Engineering,Solution Enabler,56.455882352941174,2.926470588235294,2.8448275862068964,2.8793103448275863,2.896551724137931,2.7241379310344827,3.0
Gregory Williams,Data Engineering,Sr Software Engineer,57.02,3.3,2.625,2.9285714285714284,3.0,2.9285714285714284,2.9107142857142856
Hannah Robbins,Full Stack,Solution Enabler,44.07142857142857,2.7857142857142856,3.235294117647059,3.088235294117647,3.176470588235294,3.1176470588235294,3.088235294117647
Heather Diaz,Data Science,Solution Enabler,51.507936507936506,2.9047619047619047,3.1805555555555554,2.875,2.75,2.7083333333333335,3.263888888888889
Heather Fox,Full Stack,Solution Enabler,46.57142857142857,2.9365079365079363,2.803921568627451,2.7254901960784315,3.0784313725490198,3.0,3.176470588235294
Heather Pierce,Full Stack,Sr Software Engineer,51.98245614035088,3.280701754385965,2.9411764705882355,3.1176470588235294,2.7254901960784315,3.019607843137255,3.2549019607843137
Heather Scott,Data Science,Solution Enabler,46.96875,2.96875,2.625,2.75,2.892857142857143,2.8035714285714284,2.9464285714285716
Helen Haley,Full Stack,Solution Consultant,48.15625,2.953125,2.838709677419355,2.9516129032258065,3.032258064516129,3.096774193548387,2.8548387096774195
Howard Martin,Data Engineering,Solution Consultant,55.43478260869565,2.9130434782608696,3.0793650793650795,2.9047619047619047,2.9206349206349205,3.3015873015873014,3.0793650793650795
Hunter Barnes,Full Stack,Solution Consultant,50.578125,3.03125,3.1333333333333333,2.9,3.0833333333333335,3.316666666666667,3.3333333333333335
Hunter Boyd,Data Science,Software Engineer,46.296875,3.09375,3.142857142857143,2.914285714285714,3.0428571428571427,3.057142857142857,3.0
Hunter Johnson,Full Stack,Solution Consultant,48.05555555555556,3.0,3.032258064516129,3.0161290322580645,2.7096774193548385,2.9838709677419355,3.0
Hunter Newton,Data Engineering,Software Engineer,51.483870967741936,2.8225806451612905,2.7288135593220337,3.016949152542373,2.864406779661017,3.3220338983050848,3.3559322033898304
Ian Mayer,Data Science,Sr Software Engineer,45.666666666666664,3.1746031746031744,3.1714285714285713,3.3,2.9857142857142858,3.0428571428571427,3.0714285714285716
Isabella Bond,Data Science,Solution Enabler,53.0,2.980769230769231,3.1159420289855073,2.8405797101449277,3.0,3.0,3.289855072463768
Isaiah Harrell,Full Stack,Software Engineer,53.06666666666667,3.088888888888889,2.788732394366197,3.112676056338028,3.0704225352112675,3.3661971830985915,2.8309859154929575
Isaiah Mendoza,Data Engineering,Solution Consultant,47.465753424657535,2.9863013698630136,3.1864406779661016,3.1016949152542375,3.1016949152542375,2.830508474576271,2.7796610169491527
Jackie Santos,Full Stack,Sr Software Engineer,41.85507246376812,3.217391304347826,3.1136363636363638,2.909090909090909,2.409090909090909,3.022727272727273,3.4318181818181817
Jacob Sanford,Data Engineering,Solution Enabler,51.96551724137931,2.9827586206896552,3.0327868852459017,3.0491803278688523,3.098360655737705,3.0491803278688523,3.0655737704918034
Jacqueline Henderson,Data Science,Solution Consultant,51.39344262295082,3.098360655737705,3.3076923076923075,3.1384615384615384,3.046153846153846,2.923076923076923,3.1538461538461537
Jacqueline Yang,Data Engineering,Software Engineer,53.1551724137931,2.9310344827586206,3.4782608695652173,3.0,3.0,3.1739130434782608,3.1956521739130435
James Calderon,Data Science,Solution Consultant,54.13846153846154,3.0,2.892857142857143,2.8214285714285716,3.1785714285714284,3.0535714285714284,3.3035714285714284
James Gibson,Full Stack,Solution Enabler,53.813559322033896,3.389830508474576,2.880952380952381,3.3095238095238093,2.857142857142857,3.0,2.7857142857142856
James Kelly,Data Engineering,Software Engineer,52.766666666666666,3.0,2.9782608695652173,3.391304347826087,3.3043478260869565,2.9130434782608696,3.260869565217391
James Sanchez,Full Stack,Software Engineer,46.351851851851855,2.8518518518518516,3.2222222222222223,3.1746031746031744,2.888888888888889,2.9523809523809526,3.0476190476190474
James Sanchez,Full Stack,Solution Consultant,49.8448275862069,2.9827586206896552,3.288135593220339,2.9491525423728815,2.7288135593220337,3.0508474576271185,2.7796610169491527
James Smith,Full Stack,Solution Enabler,50.51851851851852,3.259259259259259,2.8596491228070176,3.017543859649123,2.736842105263158,2.8421052631578947,3.0
James Watson,Data Engineering,Sr Software Engineer,59.698113207547166,3.0377358490566038,2.9863013698630136,3.0136986301369864,3.1095890410958904,2.684931506849315,2.589041095890411
Jamie Lopez,Full Stack,Solution Enabler,46.47540983606557,3.0163934426229506,2.870967741935484,2.9838709677419355,2.8548387096774195,2.7903225806451615,2.935483870967742
Jamie Meyer,Full Stack,Solution Consultant,46.58571428571429,3.0285714285714285,3.2641509433962264,3.1132075471698113,3.018867924528302,3.4150943396226414,3.0377358490566038
Jamie White,Full Stack,Solution Consultant,54.83582089552239,3.208955223880597,3.111111111111111,2.9814814814814814,2.7777777777777777,3.0185185185185186,2.9074074074074074
Jane Chapman,Full Stack,Sr Software Engineer,57.60606060606061,2.984848484848485,3.274193548387097,3.306451612903226,2.967741935483871,3.2419354838709675,3.1774193548387095
Janice Hopkins,Data Science,Sr Software Engineer,54.63934426229508,3.2950819672131146,3.169491525423729,3.135593220338983,2.6610169491525424,3.2033898305084745,3.0
Jared Spears,Data Engineering,Solution Enabler,50.5,2.8703703703703702,2.739130434782609,3.0869565217391304,2.9565217391304346,2.9782608695652173,3.0869565217391304
Jasmine Maynard,Full Stack,Software Engineer,54.45454545454545,2.893939393939394,3.076923076923077,3.0,2.6923076923076925,3.0,2.923076923076923
Jason Bell,Data Science,Software Engineer,47.45205479452055,2.9178082191780823,2.5357142857142856,2.7142857142857144,3.125,3.0714285714285716,2.9285714285714284
Jason Dixon,Full Stack,Solution Consultant,54.05882352941177,2.8823529411764706,3.380952380952381,2.761904761904762,2.9365079365079363,2.9047619047619047,2.7936507936507935
Jason Kennedy,Full Stack,Solution Enabler,46.140625,2.859375,3.0821917808219177,3.219178082191781,3.0273972602739727,2.9726027397260273,2.8767123287671232
Jason Williams,Data Engineering,Solution Consultant,48.52777777777778,3.0416666666666665,2.6721311475409837,2.918032786885246,3.0,3.0,2.901639344262295
Jeanne Perez,Full Stack,Solution Consultant,52.714285714285715,3.0634920634920637,3.046875,3.28125,2.984375,2.84375,2.90625
Jeffrey Chambers,Data Engineering,Solution Enabler,50.924528301886795,2.9622641509433962,2.6507936507936507,2.9206349206349205,3.3968253968253967,2.8412698412698414,2.857142857142857
Jeffrey Parker,Data Science,Solution Enabler,44.549019607843135,3.156862745098039,2.8867924528301887,3.1320754716981134,2.9056603773584904,3.0943396226415096,2.981132075471698
Jeffrey Sutton,Data Engineering,Sr Software Engineer,49.80327868852459,2.9836065573770494,2.717948717948718,2.7435897435897436,3.3076923076923075,2.948717948717949,3.1025641025641026
Jeffrey Taylor,Data Engineering,Sr Software Engineer,51.145161290322584,3.129032258064516,2.5,3.283333333333333,3.1166666666666667,3.05,3.066666666666667
Jennifer Davis,Data Engineering,Software Engineer,52.0188679245283,3.169811320754717,3.0,3.109375,2.875,3.09375,3.140625
Jennifer Green,Data Science,Solution Consultant,44.68333333333333,3.183333333333333,3.122448979591837,3.061224489795918,2.877551020408163,2.938775510204082,3.061224489795918
Jennifer Johnson,Data Science,Solution Enabler,43.453125,2.953125,2.8846153846153846,3.019230769230769,3.230769230769231,2.75,3.1153846153846154
Jennifer Riddle,Full Stack,Sr Software Engineer,53.98529411764706,2.7941176470588234,3.085714285714286,2.7857142857142856,3.0285714285714285,2.7142857142857144,3.0
Jennifer Stevens,Data Science,Solution Enabler,44.666666666666664,3.087719298245614,2.5918367346938775,3.0,2.9591836734693877,3.0,2.857142857142857
Jenny Campbell,Full Stack,Sr Software Engineer,51.916666666666664,2.966666666666667,2.8518518518518516,3.0185185185185186,2.8703703703703702,3.1481481481481484,3.185185185185185
Jenny Martinez,Data Science,Software Engineer,51.61666666666667,3.1666666666666665,3.1551724137931036,2.9310344827586206,2.810344827586207,2.8620689655172415,3.310344827586207
Jessica Alvarez,Full Stack,Sr Software Engineer,48.529411764705884,2.9411764705882355,3.2535211267605635,2.8732394366197185,3.183098591549296,3.1971830985915495,2.915492957746479
Jessica Boyd,Data Science,Solution Enabler,49.93333333333333,2.933333333333333,2.823529411764706,2.823529411764706,3.0,2.8823529411764706,2.9019607843137254
Jessica Brown,Full Stack,Solution Enabler,48.90384615384615,2.923076923076923,2.7142857142857144,2.9682539682539684,2.746031746031746,3.1746031746031744,2.9047619047619047
Jessica Cabrera,Data Science,Solution Consultant,53.2,2.933333333333333,3.125,3.2708333333333335,2.8958333333333335,3.3541666666666665,2.7916666666666665
Jessica Cox,Full Stack,Solution Consultant,47.91525423728814,2.8135593220338984,2.9444444444444446,3.013888888888889,2.9305555555555554,3.125,2.986111111111111
Jessica Flores,Full Stack,Solution Enabler,47.59615384615385,3.0384615384615383,3.188679245283019,2.943396226415094,3.0,2.943396226415094,2.5283018867924527
Jessica Hatfield,Data Science,Solution Consultant,47.753846153846155,3.169230769230769,3.2459016393442623,3.180327868852459,3.1147540983606556,3.098360655737705,2.9836065573770494
Jessica Hull,Data Engineering,Solution Consultant,44.851851851851855,2.814814814814815,3.0833333333333335,2.7083333333333335,2.7222222222222223,3.0416666666666665,2.986111111111111
Jessica Knapp,Data Science,Software Engineer,46.015151515151516,2.984848484848485,2.716417910447761,3.1940298507462686,3.044776119402985,3.1194029850746268,3.0597014925373136
Jessica Preston,Data Engineering,Solution Enabler,48.34,3.48,2.869565217391304,2.8043478260869565,2.5,3.0434782608695654,2.760869565217391
Jessica Vazquez,Data Science,Software Engineer,50.728813559322035,2.864406779661017,3.1944444444444446,2.9166666666666665,2.9722222222222223,3.0833333333333335,2.9583333333333335
Jesus Hernandez,Full Stack,Solution Consultant,50.93650793650794,3.365079365079365,3.1607142857142856,2.875,2.5892857142857144,3.0892857142857144,3.232142857142857
Jimmy May,Data Science,Sr Software Engineer,51.93421052631579,2.723684210526316,2.9523809523809526,2.9047619047619047,2.7777777777777777,3.126984126984127,3.2063492063492065
Joanne Macias,Data Science,Sr Software Engineer,50.28846153846154,3.1153846153846154,3.196969696969697,2.803030303030303,3.0606060606060606,3.3181818181818183,3.303030303030303
Jodi Melendez,Data Engineering,Sr Software Engineer,54.81818181818182,2.9740259740259742,3.0714285714285716,3.107142857142857,3.1607142857142856,2.9464285714285716,3.125
Joe Gibson,Data Engineering,Sr Software Engineer,48.68852459016394,2.6721311475409837,3.0350877192982457,3.0526315789473686,3.2280701754385963,2.754385964912281,3.1403508771929824
Joel Davis,Data Engineering,Software Engineer,49.17910447761194,2.955223880597015,3.3076923076923075,2.830769230769231,3.0923076923076924,2.8461538461538463,3.0
John Bailey,Full Stack,Software Engineer,43.75,2.85,3.0793650793650795,3.3174603174603177,2.984126984126984,3.0317460317460316,2.873015873015873
John Brown,Full Stack,Software Engineer,46.906666666666666,3.08,3.088235294117647,2.7794117647058822,3.0,3.161764705882353,2.6029411764705883
John Cannon,Full Stack,Sr Software Engineer,49.05263157894737,2.754385964912281,2.803030303030303,3.515151515151515,3.090909090909091,3.015151515151515,3.257575757575758
John Clark,Full Stack,Software Engineer,47.33870967741935,3.0161290322580645,3.238095238095238,3.0476190476190474,2.9682539682539684,3.253968253968254,3.0317460317460316
John Figueroa,Data Engineering,Solution Enabler,54.280701754385966,3.1403508771929824,2.9393939393939394,2.9696969696969697,3.1363636363636362,2.9242424242424243,3.1363636363636362
John Jimenez,Full Stack,Software Engineer,51.696969696969695,2.9545454545454546,3.280701754385965,2.824561403508772,2.8771929824561404,3.017543859649123,2.8947368421052633
John Kidd,Data Science,Sr Software Engineer,47.340425531914896,2.9361702127659575,3.265625,2.765625,3.03125,2.75,2.84375
John Marshall,Data Engineering,Solution Enabler,49.76190476190476,2.9047619047619047,2.75,2.767857142857143,3.1607142857142856,3.0714285714285716,2.8035714285714284
John Williams,Full Stack,Sr Software Engineer,57.35,2.783333333333333,3.0163934426229506,2.8852459016393444,2.9836065573770494,3.0163934426229506,3.2131147540983607
John Williamson MD,Full Stack,Sr Software Engineer,51.76923076923077,3.230769230769231,3.245614035087719,3.1228070175438596,2.8596491228070176,2.9298245614035086,3.087719298245614
Johnathan Ford,Full Stack,Solution Consultant,50.490566037735846,2.943396226415094,3.1515151515151514,2.9545454545454546,3.106060606060606,3.0606060606060606,3.212121212121212
Jon Henderson,Full Stack,Sr Software Engineer,46.707692307692305,3.276923076923077,2.9215686274509802,3.1176470588235294,3.156862745098039,3.019607843137255,3.196078431372549
Jonathan Camacho,Data Engineering,Solution Consultant,48.98529411764706,2.8823529411764706,3.1454545454545455,3.090909090909091,2.8181818181818183,3.2545454545454544,3.018181818181818
Jonathan Miller,Full Stack,Software Engineer,50.2972972972973,3.0,3.2388059701492535,3.014925373134328,2.9402985074626864,3.029850746268657,3.1641791044776117
Jonathan Spencer,Full Stack,Solution Enabler,45.66101694915254,2.7796610169491527,3.112676056338028,3.140845070422535,2.915492957746479,2.915492957746479,2.788732394366197
Jordan Davenport,Data Science,Software Engineer,46.857142857142854,2.987012987012987,3.25,2.6964285714285716,3.125,2.982142857142857,3.375
Jorge Guzman,Data Science,Sr Software Engineer,49.7,3.06,2.9846153846153847,2.769230769230769,3.292307692307692,2.923076923076923,3.1384615384615384
Jose Snow,Data Science,Solution Enabler,46.85,3.2333333333333334,2.736842105263158,2.8596491228070176,3.017543859649123,2.7017543859649122,2.754385964912281
Joseph Alvarez,Data Science,Solution Enabler,47.07692307692308,2.7846153846153845,3.0545454545454547,2.581818181818182,2.890909090909091,2.963636363636364,2.9272727272727272
Joseph Arnold,Full Stack,Sr Software Engineer,46.3859649122807,3.087719298245614,2.9655172413793105,2.8793103448275863,2.8620689655172415,3.4310344827586206,3.1724137931034484
Joseph Baker,Data Science,Solution Enabler,44.30508474576271,3.0677966101694913,2.9056603773584904,3.1132075471698113,2.9056603773584904,3.0943396226415096,2.830188679245283
Joseph Barnes,Data Engineering,Solution Consultant,47.870370370370374,3.037037037037037,3.1549295774647885,3.211267605633803,2.816901408450704,3.140845070422535,2.9014084507042255
Joseph Garcia,Full Stack,Solution Enabler,48.49230769230769,3.076923076923077,2.7666666666666666,3.316666666666667,3.1,3.183333333333333,3.4833333333333334
Joseph Graves,Data Science,Solution Consultant,49.98076923076923,2.7884615384615383,2.9402985074626864,2.8208955223880596,3.0597014925373136,3.014925373134328,2.7313432835820897
Joseph Harding,Full Stack,Solution Consultant,51.52459016393443,2.9344262295081966,2.7777777777777777,2.873015873015873,3.015873015873016,3.1587301587301586,3.1746031746031744
Joseph Petersen,Data Engineering,Solution Enabler,55.028985507246375,2.971014492753623,3.1451612903225805,2.774193548387097,2.7419354838709675,3.096774193548387,2.725806451612903
Joshua Johnson,Data Science,Software Engineer,54.903225806451616,3.225806451612903,3.036363636363636,2.727272727272727,2.9454545454545453,3.1818181818181817,3.272727272727273
Joshua Martin,Full Stack,Solution Enabler,50.93103448275862,2.9482758620689653,3.076923076923077,3.0384615384615383,3.4038461538461537,2.6923076923076925,3.1538461538461537
Joshua Powell,Data Engineering,Solution Consultant,57.59574468085106,3.4468085106382977,3.1153846153846154,2.8846153846153846,3.1346153846153846,3.0384615384615383,2.980769230769231
Juan Harris,Data Science,Solution Enabler,53.738461538461536,3.0,2.608695652173913,3.239130434782609,3.0652173913043477,2.608695652173913,3.1956521739130435
Juan Hopkins,Data Engineering,Solution Enabler,49.84375,2.90625,3.2238805970149254,2.970149253731343,3.014925373134328,3.074626865671642,2.955223880597015
Judy Miller,Full Stack,Software Engineer,48.472727272727276,3.2545454545454544,3.28125,2.890625,3.265625,2.890625,3.03125
Julie Gordon,Full Stack,Sr Software Engineer,47.03030303030303,2.803030303030303,3.0833333333333335,2.8333333333333335,2.9833333333333334,2.933333333333333,2.9
Justin Oneill,Data Science,Solution Enabler,47.816326530612244,3.0,2.9411764705882355,3.0,3.161764705882353,3.0294117647058822,2.985294117647059
Justin Robinson,Data Science,Solution Enabler,49.83050847457627,3.288135593220339,3.171875,2.96875,2.859375,3.21875,3.0625
Karen Brooks,Data Engineering,Solution Consultant,51.16393442622951,3.1475409836065573,3.1449275362318843,2.8840579710144927,2.8840579710144927,2.9855072463768115,3.072463768115942
Karen Farmer DDS,Data Science,Solution Enabler,49.035714285714285,3.232142857142857,3.0921052631578947,2.8157894736842106,3.0657894736842106,3.0789473684210527,2.8552631578947367
Karen Hunt,Data Science,Solution Enabler,50.14545454545455,3.3454545454545452,3.066666666666667,3.216666666666667,3.0166666666666666,3.1166666666666667,2.95
Karen Russell,Data Engineering,Solution Consultant,44.84057971014493,3.347826086956522,2.5342465753424657,3.0273972602739727,3.191780821917808,3.136986301369863,3.0684931506849313
Karen Stanley,Full Stack,Sr Software Engineer,51.68852459016394,2.819672131147541,2.923076923076923,3.0307692307692307,3.123076923076923,3.0307692307692307,3.169230769230769
Katherine Quinn,Data Engineering,Sr Software Engineer,41.064516129032256,3.0,2.9,3.057142857142857,3.1285714285714286,2.8857142857142857,2.8285714285714287
Kathleen Jackson,Data Engineering,Sr Software Engineer,49.53125,2.984375,3.203125,2.96875,3.078125,2.890625,3.015625
Kathleen Russell,Full Stack,Solution Consultant,47.91044776119403,3.1044776119402986,2.9833333333333334,3.1,2.6666666666666665,3.1333333333333333,2.8833333333333333
Kathleen Weeks,Full Stack,Sr Software Engineer,50.17460317460318,2.9047619047619047,3.327272727272727,2.4909090909090907,3.1454545454545455,3.018181818181818,3.0727272727272728
Kathryn Lynch,Data Science,Solution Enabler,49.79661016949152,2.847457627118644,3.1132075471698113,3.0943396226415096,2.7547169811320753,3.0943396226415096,3.0377358490566038
Kathryn Nguyen,Full Stack,Solution Enabler,50.526315789473685,3.1973684210526314,3.1333333333333333,3.15,3.25,3.066666666666667,2.8666666666666667
Kathy Turner,Data Engineering,Sr Software Engineer,51.06896551724138,2.793103448275862,3.057142857142857,3.057142857142857,3.0285714285714285,3.0428571428571427,3.414285714285714
Katie Fisher,Data Science,Solution Enabler,57.36842105263158,2.807017543859649,3.09375,2.90625,3.140625,3.25,3.375
Katie Meyers,Data Science,Sr Software Engineer,51.96153846153846,3.019230769230769,2.9482758620689653,2.9827586206896552,3.3620689655172415,3.0344827586206895,2.9310344827586206
Katrina Krause,Data Science,Sr Software Engineer,50.27777777777778,3.259259259259259,2.9649122807017543,3.1578947368421053,3.0526315789473686,3.087719298245614,3.0526315789473686
Keith Allen,Data Engineering,Sr Software Engineer,47.541666666666664,2.986111111111111,3.1,2.98,3.18,2.72,3.04
Kellie Brown,Data Engineering,Solution Enabler,52.12280701754386,2.8771929824561404,2.838709677419355,3.032258064516129,2.935483870967742,3.032258064516129,3.2419354838709675
Kelly Allen,Data Science,Solution Consultant,52.2463768115942,2.898550724637681,2.943661971830986,2.887323943661972,2.943661971830986,3.1267605633802815,3.380281690140845
Kelly Hurst,Data Science,Sr Software Engineer,50.410714285714285,2.8392857142857144,3.1,2.966666666666667,2.816666666666667,3.0,3.3333333333333335
Kelly Jordan,Data Science,Solution Enabler,54.26923076923077,3.1538461538461537,3.028169014084507,2.647887323943662,3.1690140845070425,2.619718309859155,3.084507042253521
Kelly Matthews,Full Stack,Solution Consultant,44.67213114754098,3.1475409836065573,2.8904109589041096,2.9452054794520546,3.0821917808219177,2.835616438356164,3.3972602739726026
Kelly Small,Full Stack,Sr Software Engineer,53.82,2.82,2.819672131147541,3.081967213114754,3.0,3.1475409836065573,3.0491803278688523
Kelsey Patterson,Full Stack,Software Engineer,47.013888888888886,3.0277777777777777,3.12,2.82,2.64,3.1,3.18
Kelsey Stone,Full Stack,Sr Software Engineer,48.62903225806452,3.225806451612903,3.027027027027027,3.0,2.810810810810811,3.054054054054054,2.6621621621621623
Kenneth Hill,Full Stack,Solution Enabler,44.11594202898551,3.1159420289855073,2.864864864864865,2.9054054054054053,3.0135135135135136,2.9864864864864864,3.189189189189189
Kenneth Mcmahon,Data Engineering,Sr Software Engineer,51.40350877192982,2.8421052631578947,2.8,2.577777777777778,3.0,3.066666666666667,3.2222222222222223
Kenneth Watson,Data Science,Solution Enabler,55.943661971830984,2.9859154929577465,2.7301587301587302,3.2063492063492065,2.7936507936507935,2.9523809523809526,3.3174603174603177
Kevin Dickerson,Data Science,Software Engineer,52.64912280701754,3.017543859649123,2.8947368421052633,3.192982456140351,2.982456140350877,2.6842105263157894,2.807017543859649
Kevin Lin,Data Engineering,Solution Consultant,50.372549019607845,2.6470588235294117,3.2916666666666665,3.0833333333333335,3.1458333333333335,3.1458333333333335,2.8333333333333335
Kevin Macdonald,Data Science,Software Engineer,49.589285714285715,2.875,3.066666666666667,3.05,2.8666666666666667,3.283333333333333,3.033333333333333
Kevin Perez,Full Stack,Software Engineer,48.166666666666664,3.121212121212121,2.7794117647058822,3.088235294117647,2.9558823529411766,3.0294117647058822,3.0588235294117645
Kimberly Dunn,Data Engineering,Solution Consultant,54.24590163934426,2.8524590163934427,3.171875,3.0625,2.78125,3.203125,2.8125
Kimberly King,Data Science,Solution Consultant,44.644067796610166,2.983050847457627,3.2,2.7454545454545456,2.8545454545454545,3.036363636363636,2.727272727272727
Kristen Trevino,Full Stack,Solution Enabler,46.375,3.2291666666666665,3.156862745098039,3.3333333333333335,3.0392156862745097,2.9019607843137254,2.980392156862745
Kristina Oneill,Full Stack,Solution Consultant,55.18333333333333,2.6,2.982142857142857,2.9642857142857144,2.8035714285714284,2.75,3.2142857142857144
Kyle Cole,Data Science,Solution Enabler,53.4025974025974,2.727272727272727,2.9516129032258065,2.9193548387096775,3.370967741935484,2.725806451612903,2.7903225806451615
Larry Reeves,Data Engineering,Software Engineer,49.295081967213115,2.918032786885246,2.9384615384615387,2.707692307692308,2.9692307692307693,3.123076923076923,2.9846153846153847
Laura Gonzalez,Data Engineering,Solution Consultant,49.56410256410256,2.8974358974358974,2.811320754716981,2.7735849056603774,2.641509433962264,3.056603773584906,2.981132075471698
Laura Jenkins,Data Engineering,Solution Consultant,44.16923076923077,2.830769230769231,3.125,3.0833333333333335,2.875,3.2708333333333335,2.9583333333333335
Laurie Pineda,Full Stack,Sr Software Engineer,47.0,3.066666666666667,3.1186440677966103,3.1864406779661016,3.135593220338983,3.2033898305084745,2.8983050847457625
Laurie Potter,Full Stack,Sr Software Engineer,53.473684210526315,2.8596491228070176,3.169491525423729,3.0,3.169491525423729,3.0338983050847457,3.169491525423729
Leslie Walls,Full Stack,Solution Enabler,48.41538461538462,2.769230769230769,3.338709677419355,2.838709677419355,2.774193548387097,3.0806451612903225,2.967741935483871
Lindsay Watkins,Data Engineering,Sr Software Engineer,44.5,3.269230769230769,3.327272727272727,3.1454545454545455,3.272727272727273,3.418181818181818,2.8363636363636364
Lisa Cannon,Data Science,Solution Enabler,55.72222222222222,2.9814814814814814,3.0972222222222223,2.9305555555555554,2.9305555555555554,3.0,2.736111111111111
Lisa Greene,Data Engineering,Solution Consultant,56.55,2.675,3.189655172413793,3.1379310344827585,3.1724137931034484,3.0689655172413794,2.9655172413793105
Lisa Wagner,Data Engineering,Solution Consultant,50.0,2.890625,3.0714285714285716,3.057142857142857,3.1285714285714286,2.8714285714285714,3.1
Lisa Wallace,Data Engineering,Software Engineer,37.8125,3.140625,2.795918367346939,3.0816326530612246,2.938775510204082,2.836734693877551,2.5306122448979593
Lonnie Padilla,Data Science,Solution Consultant,47.15625,3.140625,3.1451612903225805,3.193548387096774,3.338709677419355,3.1451612903225805,3.0
Lori Williams,Data Science,Solution Consultant,52.39655172413793,3.1379310344827585,2.896551724137931,2.810344827586207,3.0,2.8620689655172415,3.1379310344827585
Lucas Morris,Data Engineering,Solution Consultant,47.276923076923076,2.9846153846153847,3.0303030303030303,3.196969696969697,3.0757575757575757,3.121212121212121,2.772727272727273
Luke Mcclure,Data Engineering,Solution Consultant,56.01923076923077,3.2884615384615383,3.2264150943396226,2.69811320754717,3.0943396226415096,3.30188679245283,2.943396226415094
Mallory Simpson,Data Engineering,Sr Software Engineer,46.89393939393939,3.272727272727273,2.8703703703703702,2.814814814814815,2.7777777777777777,3.2222222222222223,3.0925925925925926
Mallory Thompson,Data Engineering,Software Engineer,45.285714285714285,3.253968253968254,3.1375,3.125,3.05,3.25,3.2
Marco Jensen,Data Science,Sr Software Engineer,52.21666666666667,2.85,2.9516129032258065,3.370967741935484,2.7419354838709675,2.870967741935484,3.1451612903225805
Margaret Garcia,Full Stack,Solution Enabler,48.78082191780822,3.1095890410958904,2.7142857142857144,3.142857142857143,2.8979591836734695,3.0408163265306123,3.0
Marie Wilson,Data Science,Solution Enabler,48.92156862745098,2.843137254901961,2.73972602739726,2.9315068493150687,2.9178082191780823,3.1506849315068495,2.9863013698630136
Mario Ray,Data Engineering,Solution Enabler,46.67857142857143,3.0,2.76056338028169,3.211267605633803,2.943661971830986,2.9295774647887325,3.23943661971831
Marissa French,Full Stack,Software Engineer,56.375,2.8214285714285716,3.1267605633802815,2.8450704225352115,3.23943661971831,2.9014084507042255,3.0
Mark Brown,Data Engineering,Software Engineer,53.03389830508475,3.0338983050847457,3.1186440677966103,3.1016949152542375,3.0847457627118646,2.8983050847457625,3.152542372881356
Mark Evans,Full Stack,Software Engineer,40.19642857142857,2.8214285714285716,3.3207547169811322,2.9245283018867925,2.9056603773584904,2.9622641509433962,3.2264150943396226
Mark Garner,Data Engineering,Sr Software Engineer,49.49122807017544,2.824561403508772,2.8518518518518516,3.2037037037037037,2.740740740740741,3.0,2.888888888888889
Mark Johnson,Data Engineering,Solution Enabler,47.42857142857143,3.2857142857142856,2.7662337662337664,3.168831168831169,3.142857142857143,2.9740259740259742,2.831168831168831
Mark Mora,Data Science,Sr Software Engineer,51.87096774193548,3.4838709677419355,3.0869565217391304,2.9855072463768115,3.1594202898550723,3.1884057971014492,2.971014492753623
Mark Romero,Full Stack,Solution Consultant,45.55357142857143,2.732142857142857,3.0285714285714285,3.1,3.2142857142857144,2.8857142857142857,3.142857142857143
Mary Davis,Data Engineering,Solution Consultant,51.827586206896555,3.0689655172413794,2.980769230769231,3.1346153846153846,3.230769230769231,2.7115384615384617,3.1923076923076925
Mary Davis,Data Engineering,Sr Software Engineer,48.36363636363637,2.7636363636363637,3.0625,2.84375,3.078125,3.234375,2.9375
Mary Duncan,Data Science,Sr Software Engineer,50.30379746835443,2.9746835443037973,2.8524590163934427,2.7868852459016393,2.8360655737704916,3.1147540983606556,2.8852459016393444
Mary Turner,Data Science,Sr Software Engineer,45.59649122807018,2.9298245614035086,3.180327868852459,3.0655737704918034,2.8524590163934427,3.098360655737705,2.721311475409836
Matthew Hernandez,Data Science,Solution Consultant,45.44,3.08,3.3555555555555556,3.088888888888889,3.066666666666667,3.2,3.533333333333333
Matthew Morrison,Full Stack,Solution Consultant,58.11864406779661,2.7796610169491527,2.6944444444444446,2.9722222222222223,3.1944444444444446,3.138888888888889,3.388888888888889
Megan Curtis,Data Science,Sr Software Engineer,46.43636363636364,2.6363636363636362,2.8181818181818183,3.1666666666666665,2.9696969696969697,2.9696969696969697,3.090909090909091
Megan Gardner,Full Stack,Sr Software Engineer,55.65,3.1666666666666665,3.073529411764706,2.9705882352941178,3.1470588235294117,2.764705882352941,2.8970588235294117
Megan Lopez,Full Stack,Sr Software Engineer,48.89333333333333,2.9466666666666668,2.689655172413793,3.0517241379310347,3.1724137931034484,2.913793103448276,3.1724137931034484
Megan Mason,Data Engineering,Solution Enabler,51.78947368421053,2.5789473684210527,3.152542372881356,3.016949152542373,3.3728813559322033,3.2542372881355934,3.0
Megan Solis,Data Engineering,Software Engineer,48.19672131147541,3.0,3.0327868852459017,3.0327868852459017,3.098360655737705,2.7704918032786887,3.262295081967213
Melanie Berry,Data Science,Solution Consultant,46.464285714285715,3.0357142857142856,2.92,3.08,2.86,3.2,2.82
Melanie Clark,Data Science,Software Engineer,58.23076923076923,3.1538461538461537,3.2911392405063293,2.848101265822785,2.6455696202531644,3.0253164556962027,3.1392405063291138
Melanie Martin,Full Stack,Sr Software Engineer,49.93055555555556,2.7777777777777777,3.1379310344827585,3.2413793103448274,2.9655172413793105,3.0344827586206895,2.8448275862068964
Melissa Daniel,Data Engineering,Solution Consultant,61.28333333333333,2.816666666666667,2.9655172413793105,3.1206896551724137,3.086206896551724,3.1206896551724137,3.0172413793103448
Melissa Montes,Data Science,Sr Software Engineer,50.53448275862069,2.6551724137931036,3.014925373134328,3.08955223880597,2.925373134328358,3.0,3.283582089552239
Melissa Oliver,Data Science,Sr Software Engineer,40.5,3.216666666666667,2.742857142857143,2.8142857142857145,3.257142857142857,3.1285714285714286,2.9
Michael Abbott,Full Stack,Solution Consultant,52.31578947368421,2.8815789473684212,2.523076923076923,3.0153846153846153,2.9692307692307693,2.8153846153846156,2.8923076923076922
Michael Casey,Full Stack,Solution Enabler,50.72222222222222,2.736111111111111,2.8088235294117645,2.985294117647059,2.7941176470588234,2.8529411764705883,3.1470588235294117
Michael Chung,Data Science,Sr Software Engineer,55.09836065573771,2.901639344262295,2.9361702127659575,3.5106382978723403,3.148936170212766,2.9361702127659575,2.8297872340425534
Michael Garza,Data Engineering,Solution Enabler,43.721311475409834,2.918032786885246,2.8656716417910446,3.044776119402985,2.985074626865672,2.716417910447761,3.2686567164179103
Michael Hall,Full Stack,Solution Enabler,46.8,3.12,3.2222222222222223,2.9682539682539684,2.9682539682539684,3.0634920634920637,3.0476190476190474
Michael Lewis,Full Stack,Software Engineer,50.32835820895522,3.1492537313432836,2.973333333333333,2.96,2.8933333333333335,3.48,2.7466666666666666
Michael Mckinney,Data Science,Solution Enabler,49.76119402985075,3.074626865671642,3.015151515151515,2.878787878787879,2.9545454545454546,3.090909090909091,3.090909090909091
Michael Miller,Full Stack,Software Engineer,47.40425531914894,3.106382978723404,3.033333333333333,2.9,3.1333333333333333,2.7333333333333334,2.95
Michael Owens,Data Engineering,Software Engineer,50.52459016393443,2.8688524590163933,2.7333333333333334,3.2133333333333334,2.9466666666666668,2.8666666666666667,3.013333333333333
Michael Payne,Full Stack,Sr Software Engineer,47.660377358490564,2.7547169811320753,3.0,3.13953488372093,2.9069767441860463,2.7906976744186047,2.9069767441860463
Michael Rosario,Data Engineering,Sr Software Engineer,46.33898305084746,3.0677966101694913,2.8674698795180724,2.7349397590361444,2.9397590361445785,3.1927710843373496,2.9036144578313254
Michael Silva,Data Science,Solution Consultant,54.61224489795919,2.673469387755102,2.96875,2.875,2.921875,2.796875,3.015625
Michele Cook,Data Science,Software Engineer,53.68421052631579,2.8947368421052633,3.1206896551724137,3.1551724137931036,2.793103448275862,2.8448275862068964,2.896551724137931
Michele Hancock,Data Engineering,Solution Enabler,60.660714285714285,2.6607142857142856,3.0163934426229506,2.8524590163934427,2.9836065573770494,3.1639344262295084,2.9672131147540983
Michelle Cortez,Full Stack,Software Engineer,46.870370370370374,2.925925925925926,3.0,3.0422535211267605,2.887323943661972,2.816901408450704,3.0422535211267605
Michelle Howard,Data Science,Solution Consultant,53.351851851851855,3.185185185185185,2.942857142857143,2.8857142857142857,3.1,2.857142857142857,2.9
Michelle Jimenez,Data Science,Software Engineer,50.16949152542373,2.864406779661017,3.1724137931034484,3.1206896551724137,2.7241379310344827,3.1206896551724137,2.8620689655172415
Michelle Mccoy,Full Stack,Sr Software Engineer,48.21875,3.25,3.283582089552239,2.656716417910448,3.298507462686567,2.970149253731343,2.8059701492537314
Miranda Williams,Data Science,Sr Software Engineer,47.53125,3.109375,2.7205882352941178,3.1029411764705883,2.735294117647059,3.073529411764706,2.7941176470588234
Miss Karen Boyd,Data Engineering,Sr Software Engineer,51.25714285714286,2.5285714285714285,2.7586206896551726,3.5,2.8620689655172415,2.706896551724138,2.9655172413793105
Mitchell Gonzalez,Data Science,Software Engineer,47.278688524590166,2.9672131147540983,2.8983050847457625,3.0677966101694913,3.1186440677966103,3.0338983050847457,3.0847457627118646
Mitchell Romero,Full Stack,Solution Consultant,48.125,3.0892857142857144,2.9767441860465116,2.9767441860465116,2.8372093023255816,3.0930232558139537,2.9302325581395348
Mitchell Taylor,Data Science,Solution Consultant,51.370370370370374,2.6666666666666665,2.5294117647058822,3.411764705882353,3.196078431372549,2.9019607843137254,3.1176470588235294
Molly Erickson,Full Stack,Sr Software Engineer,46.42622950819672,2.7049180327868854,2.876923076923077,2.9692307692307693,2.8461538461538463,3.076923076923077,2.830769230769231
Mr. Andrew Herrera,Data Science,Sr Software Engineer,51.93333333333333,3.0833333333333335,2.986111111111111,3.1944444444444446,3.0972222222222223,2.8333333333333335,2.8194444444444446
Mr. Andrew Marshall,Data Science,Sr Software Engineer,49.333333333333336,3.0,2.912280701754386,2.7017543859649122,3.210526315789474,2.9649122807017543,3.1578947368421053
Mr. Daniel Caldwell,Data Science,Solution Enabler,48.094339622641506,2.8867924528301887,2.857142857142857,2.9682539682539684,2.8095238095238093,2.8412698412698414,3.015873015873016
Mr. David Torres,Data Science,Sr Software Engineer,56.30769230769231,3.0,3.140845070422535,3.0140845070422535,2.788732394366197,3.112676056338028,3.2253521126760565
Mr. Michael Barton,Data Science,Sr Software Engineer,48.68421052631579,3.236842105263158,2.78125,2.90625,2.875,2.953125,3.15625
Mrs. Ashley Golden,Data Engineering,Solution Enabler,53.609375,3.0625,3.064516129032258,3.064516129032258,3.2096774193548385,2.9838709677419355,2.870967741935484
Mrs. Michelle Smith DVM,Data Science,Solution Enabler,59.46875,2.796875,3.1159420289855073,2.9855072463768115,2.927536231884058,2.7681159420289854,3.0434782608695654
Natalie Brown,Data Science,Software Engineer,45.7906976744186,2.9302325581395348,3.0384615384615383,2.9423076923076925,3.019230769230769,3.173076923076923,3.0576923076923075
Natalie Williams,Full Stack,Solution Consultant,50.85507246376812,2.9565217391304346,2.769230769230769,2.9076923076923076,3.0,2.8615384615384616,3.1384615384615384
Nathan Johnson,Data Engineering,Sr Software Engineer,46.74666666666667,2.7066666666666666,2.86,2.9,2.9,3.22,3.02
Nicholas Curtis,Data Engineering,Solution Consultant,52.131147540983605,3.1147540983606556,3.0161290322580645,3.193548387096774,2.774193548387097,2.806451612903226,2.967741935483871
Nichole Nichols,Data Engineering,Solution Consultant,53.28358208955224,2.8059701492537314,2.8333333333333335,2.966666666666667,2.933333333333333,3.316666666666667,3.1
Nina Spencer,Data Science,Software Engineer,55.032786885245905,2.9508196721311477,3.3333333333333335,2.9215686274509802,2.784313725490196,3.0588235294117645,3.196078431372549
Noah Haynes,Data Engineering,Software Engineer,51.05797101449275,3.318840579710145,3.2295081967213113,3.0655737704918034,2.9508196721311477,3.1311475409836067,3.180327868852459
Olivia Kennedy,Full Stack,Solution Consultant,50.57142857142857,3.0142857142857142,2.9508196721311477,3.2459016393442623,3.1147540983606556,2.721311475409836,2.7049180327868854
Oscar Moore,Full Stack,Software Engineer,46.78260869565217,3.260869565217391,2.8596491228070176,3.0701754385964914,3.4035087719298245,2.789473684210526,2.982456140350877
Pamela Bass,Data Science,Sr Software Engineer,55.5,2.9393939393939394,3.1194029850746268,3.08955223880597,3.044776119402985,3.1940298507462686,3.2686567164179103
Pamela Simmons,Full Stack,Solution Enabler,49.03225806451613,2.870967741935484,3.0727272727272728,2.7818181818181817,3.1454545454545455,2.963636363636364,3.0727272727272728
Parker Smith,Full Stack,Sr Software Engineer,47.478873239436616,2.9014084507042255,3.0714285714285716,2.8392857142857144,3.357142857142857,2.8392857142857144,3.5535714285714284
Patricia Horton,Data Engineering,Sr Software Engineer,51.15,2.933333333333333,2.6153846153846154,3.0961538461538463,2.980769230769231,2.980769230769231,2.730769230769231
Patricia Lucas,Data Science,Sr Software Engineer,52.91525423728814,2.847457627118644,3.188679245283019,3.0,2.811320754716981,2.943396226415094,3.2452830188679247
Patrick Freeman,Full Stack,Software Engineer,53.30769230769231,2.9846153846153847,3.3962264150943398,3.056603773584906,3.0943396226415096,2.849056603773585,2.981132075471698
Patrick Hernandez,Data Engineering,Solution Consultant,47.68,3.14,3.125,3.0,3.1666666666666665,3.0833333333333335,3.236111111111111
Paul Johnson,Data Engineering,Sr Software Engineer,52.93650793650794,3.0952380952380953,2.94,3.06,3.08,3.1,2.66
Peter Mcclain,Full Stack,Solution Enabler,45.578947368421055,2.7017543859649122,3.1206896551724137,3.0344827586206895,2.810344827586207,3.2241379310344827,3.4827586206896552
Rachel Larsen,Data Science,Software Engineer,56.54794520547945,2.904109589041096,2.5849056603773586,2.811320754716981,2.943396226415094,3.2641509433962264,3.018867924528302
Randy Ingram,Data Engineering,Solution Consultant,38.482142857142854,2.9285714285714284,3.2,2.8363636363636364,2.690909090909091,3.109090909090909,2.672727272727273
Randy Williams,Full Stack,Solution Consultant,52.142857142857146,2.5873015873015874,3.0625,2.96875,3.140625,2.828125,2.984375
Raymond Potter,Data Science,Solution Consultant,50.40677966101695,3.0847457627118646,3.074074074074074,3.0185185185185186,3.037037037037037,3.574074074074074,3.0
Rebecca Glass,Data Science,Solution Consultant,48.41818181818182,3.290909090909091,3.0588235294117645,3.0588235294117645,2.9607843137254903,3.0,2.9411764705882355
Rebecca Gonzalez,Data Science,Software Engineer,53.30508474576271,3.1016949152542375,2.9272727272727272,2.8727272727272726,3.2,3.272727272727273,2.6363636363636362
Regina Cannon,Full Stack,Software Engineer,51.813559322033896,3.1864406779661016,2.838709677419355,2.8870967741935485,2.9838709677419355,2.7580645161290325,3.161290322580645
Reginald Huffman,Data Science,Solution Enabler,53.44615384615385,3.1538461538461537,3.0350877192982457,2.982456140350877,3.0526315789473686,2.6491228070175437,3.1228070175438596
Rhonda Hill,Data Engineering,Sr Software Engineer,50.5,3.2758620689655173,2.925925925925926,2.9074074074074074,3.074074074074074,3.074074074074074,3.1296296296296298
Richard Barr,Data Science,Sr Software Engineer,44.58620689655172,2.8793103448275863,2.9558823529411766,2.911764705882353,2.8676470588235294,2.8529411764705883,2.7205882352941178
Richard Blair,Data Engineering,Solution Consultant,47.666666666666664,2.8333333333333335,2.982456140350877,3.263157894736842,3.087719298245614,3.4210526315789473,3.0
Richard Johnson,Data Science,Software Engineer,51.04761904761905,3.0,2.935483870967742,3.0161290322580645,2.903225806451613,2.967741935483871,3.0483870967741935
Richard Lopez,Full Stack,Solution Consultant,50.65909090909091,2.75,3.0526315789473686,2.736842105263158,3.1578947368421053,2.8596491228070176,2.824561403508772
Richard Martinez,Data Science,Software Engineer,46.450980392156865,3.0392156862745097,2.875,2.890625,2.984375,2.921875,3.140625
Richard Wilson,Data Science,Sr Software Engineer,49.94827586206897,3.2241379310344827,3.056338028169014,3.1690140845070425,3.0704225352112675,2.8028169014084505,3.0140845070422535
Robert Foster,Data Engineering,Solution Enabler,55.07575757575758,3.196969696969697,2.973684210526316,3.1447368421052633,2.8815789473684212,3.1710526315789473,3.013157894736842
Robert Lambert,Data Engineering,Software Engineer,52.36842105263158,2.912280701754386,3.0,2.9846153846153847,3.0153846153846153,3.2,2.9384615384615387
Robert Payne,Full Stack,Sr Software Engineer,51.095238095238095,3.0952380952380953,2.982142857142857,3.2142857142857144,3.1607142857142856,2.7857142857142856,2.9642857142857144
Robert Reyes,Full Stack,Solution Consultant,41.666666666666664,3.0,3.2794117647058822,3.1029411764705883,3.1176470588235294,3.323529411764706,3.1176470588235294
Rodney Foster,Data Science,Sr Software Engineer,51.0,2.688888888888889,2.757575757575758,3.0606060606060606,2.6666666666666665,3.0,3.378787878787879
Ronald Barnes,Data Science,Sr Software Engineer,51.36507936507937,3.0952380952380953,3.2363636363636363,3.309090909090909,2.672727272727273,3.1818181818181817,3.1636363636363636
Ross Novak,Full Stack,Software Engineer,47.09375,3.109375,3.0757575757575757,3.1666666666666665,2.742424242424242,3.3484848484848486,3.1515151515151514
Ryan Bell,Data Science,Software Engineer,53.534246575342465,3.4657534246575343,2.737704918032787,3.262295081967213,3.180327868852459,3.2131147540983607,3.377049180327869
Ryan Bradley,Data Engineering,Sr Software Engineer,47.375,2.703125,3.2459016393442623,3.0491803278688523,3.098360655737705,2.7868852459016393,3.278688524590164
Ryan Gonzalez,Data Engineering,Software Engineer,50.35,3.0375,3.0701754385964914,3.1578947368421053,2.8596491228070176,2.8596491228070176,3.1578947368421053
Ryan Mccall,Full Stack,Solution Consultant,47.94915254237288,3.440677966101695,2.967741935483871,2.661290322580645,2.903225806451613,2.8548387096774195,3.0161290322580645
Ryan Petty,Data Science,Sr Software Engineer,43.86363636363637,2.8181818181818183,3.076923076923077,3.076923076923077,3.076923076923077,2.7846153846153845,3.0615384615384613
Samantha Howell,Data Science,Sr Software Engineer,50.767857142857146,3.1607142857142856,2.9027777777777777,3.1666666666666665,2.986111111111111,3.0,2.986111111111111
Samantha Murphy,Data Engineering,Solution Enabler,54.5,3.1666666666666665,2.7333333333333334,3.488888888888889,2.977777777777778,3.1777777777777776,2.6444444444444444
Sara Gomez,Data Engineering,Solution Consultant,57.10344827586207,2.8448275862068964,3.0833333333333335,2.9166666666666665,3.2083333333333335,3.1875,3.5
Sarah Chambers,Data Engineering,Solution Consultant,51.08695652173913,2.971014492753623,3.484375,2.90625,2.890625,2.96875,3.078125
Sarah Jackson,Data Engineering,Solution Consultant,47.71875,2.640625,3.1041666666666665,2.5416666666666665,3.0,3.1041666666666665,3.0625
Sarah Simpson,Full Stack,Solution Consultant,52.72727272727273,2.8545454545454545,2.9482758620689653,2.9827586206896552,3.0344827586206895,3.189655172413793,2.9482758620689653
Sarah Smith,Data Engineering,Software Engineer,50.60377358490566,2.811320754716981,3.03125,2.84375,3.109375,2.671875,3.484375
Sarah Snyder,Data Science,Solution Enabler,47.72222222222222,3.4814814814814814,2.983050847457627,2.5762711864406778,3.0677966101694913,2.8135593220338984,3.0
Scott Johnson,Full Stack,Solution Consultant,50.60344827586207,3.2413793103448274,3.324675324675325,3.038961038961039,3.155844155844156,2.6363636363636362,3.051948051948052
Scott Thomas,Full Stack,Software Engineer,52.84126984126984,2.746031746031746,2.8333333333333335,2.888888888888889,2.986111111111111,2.7777777777777777,3.0694444444444446
Sean Cooper,Full Stack,Sr Software Engineer,55.52238805970149,2.8656716417910446,3.1904761904761907,2.873015873015873,3.0,3.1904761904761907,2.9523809523809526
Sean Ortiz,Full Stack,Sr Software Engineer,48.44827586206897,2.8448275862068964,2.9215686274509802,2.588235294117647,2.784313725490196,3.235294117647059,3.156862745098039
Shane Miller,Data Engineering,Sr Software Engineer,47.84,3.066666666666667,2.721311475409836,3.081967213114754,3.2131147540983607,2.9836065573770494,3.1475409836065573
Shane Parks,Full Stack,Sr Software Engineer,51.73913043478261,3.0144927536231885,2.761904761904762,2.9206349206349205,3.0793650793650795,3.2063492063492065,2.8095238095238093
Shannon Lopez,Data Science,Solution Consultant,49.3968253968254,2.984126984126984,3.019230769230769,2.9038461538461537,2.75,3.0,3.1153846153846154
Shannon Mckinney,Data Science,Sr Software Engineer,48.36363636363637,2.727272727272727,3.1666666666666665,2.95,3.25,2.816666666666667,2.816666666666667
Shannon Noble,Data Engineering,Sr Software Engineer,46.015625,3.203125,3.3684210526315788,2.982456140350877,2.9298245614035086,2.8947368421052633,3.175438596491228
Shannon Shah,Full Stack,Solution Consultant,46.483333333333334,3.283333333333333,2.5535714285714284,2.9642857142857144,2.9464285714285716,2.9464285714285716,3.017857142857143
Sharon Smith,Data Science,Solution Enabler,41.07692307692308,3.2115384615384617,2.8813559322033897,2.8983050847457625,2.7457627118644066,3.169491525423729,2.864406779661017
Shaun Fleming,Full Stack,Solution Consultant,51.81818181818182,2.6363636363636362,3.1607142857142856,3.3392857142857144,2.7857142857142856,2.75,3.267857142857143
Sherry Ingram,Full Stack,Sr Software Engineer,54.64912280701754,2.912280701754386,3.2,2.963636363636364,2.8,2.6545454545454548,3.090909090909091
Shirley Thompson,Data Science,Software Engineer,54.0,2.9242424242424243,2.938775510204082,3.63265306122449,2.489795918367347,2.979591836734694,3.0816326530612246
Stacey Cooper,Full Stack,Software Engineer,51.059701492537314,3.1343283582089554,3.1538461538461537,3.0961538461538463,2.8846153846153846,2.769230769230769,3.0961538461538463
Stacey Sims,Data Engineering,Solution Consultant,50.86666666666667,3.033333333333333,2.9838709677419355,3.0483870967741935,3.096774193548387,3.064516129032258,2.9516129032258065
Stacy Roberson,Data Science,Solution Enabler,42.392857142857146,3.0,2.793103448275862,3.2413793103448274,3.0689655172413794,3.0517241379310347,2.9827586206896552
Stephanie Archer,Full Stack,Software Engineer,49.3859649122807,2.8596491228070176,2.792452830188679,2.6226415094339623,2.69811320754717,3.0943396226415096,3.018867924528302
Stephanie Bryant,Data Science,Software Engineer,46.471698113207545,3.2641509433962264,3.135593220338983,2.7796610169491527,2.830508474576271,3.169491525423729,3.2203389830508473
Stephanie Dixon,Data Science,Sr Software Engineer,43.67272727272727,2.8,2.9393939393939394,2.909090909090909,3.227272727272727,2.8181818181818183,3.015151515151515
Stephanie Garcia,Full Stack,Solution Enabler,48.28813559322034,2.864406779661017,3.086206896551724,2.9827586206896552,3.396551724137931,2.793103448275862,3.1206896551724137
Stephanie Schaefer,Full Stack,Sr Software Engineer,50.943396226415096,2.7547169811320753,3.169230769230769,2.4615384615384617,2.9846153846153847,2.8,3.0923076923076924
Stephen Hall,Data Engineering,Sr Software Engineer,49.34615384615385,2.9615384615384617,2.737704918032787,2.9672131147540983,3.0,2.9836065573770494,3.0
Stephen Macdonald,Data Science,Sr Software Engineer,45.8955223880597,3.1492537313432836,3.0238095238095237,3.0952380952380953,2.8095238095238093,2.9523809523809526,3.0238095238095237
Stephen Moore,Data Science,Solution Consultant,47.16981132075472,3.1320754716981134,3.169491525423729,2.7966101694915255,2.983050847457627,3.135593220338983,2.9322033898305087
Steven Fritz,Full Stack,Sr Software Engineer,49.61538461538461,3.3846153846153846,2.6818181818181817,3.409090909090909,2.9545454545454546,2.7954545454545454,3.0
Suzanne Rollins,Data Engineering,Solution Consultant,46.8235294117647,3.323529411764706,3.206896551724138,2.9827586206896552,3.1206896551724137,3.0517241379310347,3.1724137931034484
Sylvia Avery,Full Stack,Software Engineer,54.018181818181816,3.2363636363636363,3.0923076923076924,3.3076923076923075,3.0,3.0307692307692307,3.353846153846154
Tamara Gonzalez,Full Stack,Solution Enabler,50.353846153846156,2.830769230769231,2.7586206896551726,2.9655172413793105,2.9655172413793105,2.8793103448275863,2.9655172413793105
Tammy Cordova,Full Stack,Software Engineer,51.5,2.793103448275862,3.0377358490566038,3.3207547169811322,3.0754716981132075,2.830188679245283,2.9622641509433962
Tammy Nichols,Data Engineering,Solution Consultant,47.45614035087719,3.0701754385964914,2.925925925925926,2.9444444444444446,3.0185185185185186,3.1296296296296298,2.9074074074074074
Tara Dominguez,Full Stack,Solution Consultant,50.333333333333336,2.8095238095238093,2.7704918032786887,3.0,3.0327868852459017,2.901639344262295,3.0491803278688523
Tara Stevenson,Data Engineering,Solution Enabler,50.38235294117647,2.8088235294117645,3.234375,2.734375,2.890625,3.015625,2.90625
Taylor Wilkerson,Data Science,Software Engineer,51.125,3.2142857142857144,2.979591836734694,3.122448979591837,2.795918367346939,2.7346938775510203,2.9591836734693877
Terry Ritter,Full Stack,Sr Software Engineer,47.18333333333333,2.6333333333333333,3.326923076923077,2.7884615384615383,3.1153846153846154,2.8653846153846154,2.923076923076923
Theresa Russell,Data Engineering,Software Engineer,51.79661016949152,2.8983050847457625,2.7735849056603774,3.0754716981132075,2.811320754716981,2.830188679245283,2.849056603773585
Thomas Roberts,Full Stack,Software Engineer,50.13235294117647,3.1911764705882355,2.71875,3.015625,2.6875,2.953125,2.859375
Thomas Smith,Data Science,Sr Software Engineer,51.557377049180324,3.098360655737705,3.1578947368421053,3.1403508771929824,3.175438596491228,2.807017543859649,3.1578947368421053
Tiffany Boone,Data Engineering,Software Engineer,56.74576271186441,3.0338983050847457,2.582089552238806,2.8805970149253732,2.7611940298507465,3.014925373134328,2.8358208955223883
Tiffany Gonzalez,Data Science,Solution Consultant,56.62068965517241,3.189655172413793,3.0,2.6666666666666665,3.280701754385965,2.8947368421052633,3.3684210526315788
Tiffany Leonard,Data Science,Software Engineer,45.464285714285715,2.767857142857143,3.396551724137931,3.086206896551724,2.8448275862068964,2.9482758620689653,3.0517241379310347
Tiffany Wilson,Data Science,Solution Consultant,55.73684210526316,2.9298245614035086,3.02,3.02,2.8,2.8,3.48
Timothy Robles,Full Stack,Solution Consultant,52.30769230769231,3.0576923076923075,3.25,2.9833333333333334,2.933333333333333,3.033333333333333,2.8
Timothy Robles,Full Stack,Sr Software Engineer,47.507246376811594,2.8115942028985508,2.967741935483871,2.7580645161290325,3.0806451612903225,2.8225806451612905,2.8225806451612905
Tina Franklin,Full Stack,Sr Software Engineer,51.97872340425532,3.0638297872340425,3.0357142857142856,2.7142857142857144,3.107142857142857,2.8035714285714284,2.982142857142857
Tina Garcia,Full Stack,Sr Software Engineer,47.95238095238095,2.746031746031746,2.847457627118644,2.6779661016949152,2.847457627118644,2.9491525423728815,2.847457627118644
Tina Gonzalez,Full Stack,Solution Enabler,52.0,3.2241379310344827,3.109090909090909,3.0545454545454547,3.018181818181818,2.672727272727273,3.090909090909091
Tina Hooper,Data Engineering,Software Engineer,48.827586206896555,2.6379310344827585,3.1132075471698113,2.8679245283018866,3.2830188679245285,2.943396226415094,3.0377358490566038
Toni Campos,Data Engineering,Software Engineer,51.728813559322035,2.9491525423728815,2.953125,2.828125,3.15625,2.875,3.0
Toni Jackson,Data Engineering,Solution Enabler,45.377049180327866,2.901639344262295,2.830508474576271,2.711864406779661,3.152542372881356,3.016949152542373,2.8813559322033897
Tracy Miles,Full Stack,Software Engineer,51.166666666666664,3.0555555555555554,3.0943396226415096,2.830188679245283,3.169811320754717,3.150943396226415,3.1132075471698113
Tracy Nelson DVM,Data Science,Sr Software Engineer,50.8051948051948,2.792207792207792,3.033333333333333,3.1,2.933333333333333,3.033333333333333,3.0833333333333335
Tracy Rivera,Data Engineering,Solution Enabler,51.0,3.074074074074074,3.0526315789473686,2.754385964912281,2.807017543859649,2.9473684210526314,2.5964912280701755
Tracy Robertson,Full Stack,Solution Consultant,56.65,3.05,3.288135593220339,3.0,2.694915254237288,2.9491525423728815,3.0338983050847457
Tracy Wright,Data Engineering,Software Engineer,49.583333333333336,2.8333333333333335,2.8727272727272726,2.981818181818182,3.036363636363636,3.0727272727272728,2.381818181818182
Travis Reed,Full Stack,Solution Enabler,52.36842105263158,2.8684210526315788,3.0392156862745097,3.1372549019607843,2.6470588235294117,2.803921568627451,3.0980392156862746
Tyler Page,Data Science,Sr Software Engineer,47.03030303030303,3.0,3.0806451612903225,3.1774193548387095,2.9838709677419355,2.9516129032258065,2.8870967741935485
Veronica Fernandez,Data Science,Solution Enabler,51.5531914893617,3.021276595744681,2.7288135593220337,2.8135593220338984,2.8135593220338984,2.847457627118644,2.6271186440677967
Walter Moran,Data Science,Solution Enabler,48.84905660377358,3.358490566037736,3.0,3.0,2.9047619047619047,2.6984126984126986,3.0634920634920637
William Hunt,Data Science,Solution Consultant,49.11864406779661,2.8135593220338984,3.0961538461538463,2.673076923076923,3.0576923076923075,2.826923076923077,2.8653846153846154
William Kent,Full Stack,Solution Enabler,42.63636363636363,2.9272727272727272,2.888888888888889,2.925925925925926,2.9074074074074074,3.1481481481481484,3.1666666666666665
William Lane,Data Engineering,Solution Enabler,48.557377049180324,3.098360655737705,2.609375,3.03125,2.984375,2.84375,3.109375
William Salinas MD,Data Engineering,Solution Consultant,47.130434782608695,2.927536231884058,2.8507462686567164,2.9402985074626864,2.8507462686567164,2.985074626865672,2.8805970149253732
William Steele,Data Engineering,Solution Consultant,49.91525423728814,3.305084745762712,3.152542372881356,3.152542372881356,2.9491525423728815,3.135593220338983,2.9661016949152543
William Wang,Data Science,Solution Consultant,48.45454545454545,2.890909090909091,2.8870967741935485,3.0161290322580645,2.903225806451613,2.7903225806451615,2.7419354838709675
Willie Thompson,Full Stack,Software Engineer,45.264150943396224,3.452830188679245,2.8253968253968256,2.9365079365079363,2.857142857142857,2.9206349206349205,2.2698412698412698
Zachary Larsen,Full Stack,Sr Software Engineer,41.51063829787234,3.0638297872340425,3.3220338983050848,2.8983050847457625,2.864406779661017,2.983050847457627,3.169491525423729
