,userId,total_chapters,completed_chapters,completion_rate,avg_course_rating,avg_quiz_rating,avg_instructor_rating,avg_satisfaction,avg_quiz_score,total_attempts,engagement_label
0,0234fe90-722e-4605-b033-c2a659a48ff2,178,95,53.37078651685393,2.7704918032786887,3.0,3.0327868852459017,3.0491803278688523,50.333333333333336,177,1
1,02a6ecfa-a060-4ee6-8f71-54ed61ca5569,183,90,49.18032786885246,3.076923076923077,3.0384615384615383,3.4038461538461537,3.1538461538461537,50.93103448275862,171,0
2,034c6bec-1848-4adc-a7b8-47ed28382940,168,93,55.35714285714286,3.156862745098039,3.3333333333333335,3.0392156862745097,2.980392156862745,46.375,155,1
3,03a43572-f397-4c5a-8cfa-66d95a3ba56a,199,111,55.778894472361806,3.0833333333333335,2.7083333333333335,2.7222222222222223,2.986111111111111,44.851851851851855,152,1
4,03a9a93c-7444-4400-b24d-e2653ddee7d8,187,86,45.98930481283423,3.0961538461538463,2.673076923076923,3.0576923076923075,2.8653846153846154,49.11864406779661,166,0
5,03ba54aa-ac8e-41fb-b5f4-229afe865796,213,103,48.35680751173709,2.8253968253968256,2.9365079365079363,2.857142857142857,2.2698412698412698,45.264150943396224,183,0
6,04bf1921-67b3-4f6e-ad7e-9b74a084f25a,170,88,51.76470588235295,2.7142857142857144,3.142857142857143,2.8979591836734695,3.0,48.78082191780822,227,1
7,04ea7450-ec5a-4cb5-b98e-f1e241058f4b,176,78,44.31818181818182,3.1,2.98,3.18,3.04,47.541666666666664,215,0
8,052acac7-9dec-4024-a85f-d41de192925c,170,87,51.17647058823529,3.0625,2.84375,3.078125,2.9375,48.36363636363637,152,1
9,05d753b6-32c5-4386-b890-dafb8dce785c,184,96,52.17391304347826,2.9047619047619047,3.238095238095238,3.0634920634920637,3.015873015873016,49.083333333333336,217,1
10,06186c3f-3185-4cf3-9619-6d0726c095f3,182,84,46.15384615384615,3.0689655172413794,2.9482758620689653,3.086206896551724,2.603448275862069,50.317460317460316,202,0
11,06bbaba8-c872-46a4-923b-748ad9883bdb,194,93,47.93814432989691,2.9523809523809526,2.9047619047619047,2.7777777777777777,3.2063492063492065,51.93421052631579,207,0
12,076fd182-d465-4b2c-b0eb-b59fd4aa179c,185,98,52.972972972972975,2.935483870967742,3.0161290322580645,2.903225806451613,3.0483870967741935,51.04761904761905,189,1
13,07db4bc9-fec0-4a8b-87b3-8e64b79276ed,178,105,58.98876404494382,2.671875,3.109375,2.765625,3.03125,50.41509433962264,166,1
14,082e4bc6-daa1-4dea-9489-938d03344ef6,185,91,49.18918918918919,2.967741935483871,3.0161290322580645,3.0483870967741935,3.1129032258064515,52.36363636363637,174,0
15,084d87da-0531-448f-9a09-2dbb0582479d,198,112,56.56565656565656,2.5918367346938775,3.0,2.9591836734693877,2.857142857142857,44.666666666666664,176,1
16,08fe13ef-1e20-4b76-904a-eb78eb3caf80,181,97,53.591160220994475,3.076923076923077,3.076923076923077,3.076923076923077,3.0615384615384613,43.86363636363637,186,1
17,090aae22-98f6-427b-adce-c78554874642,173,94,54.33526011560693,3.280701754385965,2.824561403508772,2.8771929824561404,2.8947368421052633,51.696969696969695,195,1
18,09656a88-ca87-4ec0-8b74-260d5f549c22,180,98,54.44444444444444,2.7333333333333334,3.2133333333333334,2.9466666666666668,3.013333333333333,50.52459016393443,175,1
19,09df52b0-278c-4e4c-ac32-577defdb8fb6,179,100,55.865921787709496,2.7666666666666666,3.316666666666667,3.1,3.4833333333333334,48.49230769230769,200,1
20,0ca2f0a2-049f-4521-82fe-7f8c91fad3e4,166,76,45.78313253012048,2.838709677419355,3.032258064516129,2.935483870967742,3.2419354838709675,52.12280701754386,164,0
21,0d10f2be-85ee-479d-a29d-daebe01190b2,195,91,46.666666666666664,2.721311475409836,3.19672131147541,3.639344262295082,3.2295081967213113,48.05084745762712,181,0
22,0d391dd0-ceb9-40e3-9459-c14145f35542,167,71,42.51497005988024,3.2264150943396226,2.69811320754717,3.0943396226415096,2.943396226415094,56.01923076923077,171,0
23,0e0c7bd0-200b-48d7-9584-266bada5ad2f,205,98,47.80487804878049,2.8518518518518516,3.0185185185185186,2.8703703703703702,3.185185185185185,51.916666666666664,178,0
24,0ea0eb23-6318-49ce-b992-71f9fc9f723a,171,91,53.216374269005854,2.9038461538461537,3.269230769230769,3.0576923076923075,2.980769230769231,51.68333333333333,203,1
25,0f59120c-370c-4754-9c45-ec6627507233,199,97,48.743718592964825,3.135593220338983,2.7796610169491527,2.830508474576271,3.2203389830508473,46.471698113207545,173,0
26,0f6b110e-bcdf-49cb-9d71-228877b7b4a7,171,78,45.614035087719294,3.315068493150685,2.904109589041096,2.958904109589041,2.9178082191780823,51.059701492537314,196,0
27,0fda9918-7377-43ea-9cd9-9af07966d33e,201,102,50.74626865671642,3.1,3.0166666666666666,2.9833333333333334,2.95,53.9375,173,1
28,0fe6d177-b7a9-4f2a-90be-b0d4cf9d5a1e,168,79,47.023809523809526,2.793103448275862,3.2413793103448274,3.0689655172413794,2.9827586206896552,42.392857142857146,168,0
29,10309e4a-4abb-4f07-8181-1c9f394b2f2f,170,74,43.529411764705884,3.1666666666666665,2.95,3.25,2.816666666666667,48.36363636363637,120,0
30,10ec0cbb-4d15-4ad9-88da-c3eaf8b9ad20,167,98,58.68263473053892,2.7346938775510203,2.857142857142857,2.979591836734694,3.061224489795918,48.18032786885246,193,1
31,10f39c25-2ae3-4c1f-838f-465ddf97585e,186,91,48.924731182795696,3.0806451612903225,3.1774193548387095,2.9838709677419355,2.8870967741935485,47.03030303030303,198,0
32,1139cf5e-1e0d-459d-9c76-99f71153d1c2,196,107,54.59183673469388,2.5342465753424657,3.0273972602739727,3.191780821917808,3.0684931506849313,44.84057971014493,231,1
33,11440f75-ed6c-49da-ba89-50866c3bc145,206,110,53.398058252427184,3.242424242424242,3.0,2.8333333333333335,3.121212121212121,54.54545454545455,189,1
34,117c1c5b-37be-4fc6-851e-fb7cf77a74c9,197,104,52.79187817258884,2.523076923076923,3.0153846153846153,2.9692307692307693,2.8923076923076922,52.31578947368421,219,1
35,11b87990-14ad-42a8-8d26-a11f1976ed47,187,96,51.33689839572193,2.6984126984126986,2.6825396825396823,2.9047619047619047,3.4285714285714284,51.86440677966102,193,1
36,1232c64d-1974-4a43-8607-2438d3cf1cf6,151,74,49.00662251655629,3.2222222222222223,3.1746031746031744,2.888888888888889,3.0476190476190474,46.351851851851855,154,0
37,13e8f542-a331-4cbd-931e-bc6a22f41203,172,85,49.41860465116279,3.0365853658536586,3.097560975609756,3.182926829268293,2.8780487804878048,53.588235294117645,165,0
38,1403cb45-2abf-49f4-9636-bf5d2ad6a23f,175,89,50.857142857142854,2.9473684210526314,3.0701754385964914,3.3157894736842106,2.9649122807017543,54.72222222222222,171,1
39,145342a7-1efe-4593-afe2-c128a9d54e71,183,86,46.994535519125684,3.0555555555555554,2.9814814814814814,3.037037037037037,3.037037037037037,52.96078431372549,156,0
40,15dba6d0-1633-4f84-a3da-04eb253a128b,158,82,51.89873417721519,2.6842105263157894,2.5789473684210527,3.0701754385964914,3.3859649122807016,57.074074074074076,174,1
41,1737be47-c904-4ff4-80a8-cda611583569,187,105,56.14973262032086,2.5535714285714284,2.9642857142857144,2.9464285714285716,3.017857142857143,46.483333333333334,197,1
42,175aed35-b3b0-4547-9bc5-023840bb2fc0,179,95,53.072625698324025,3.0238095238095237,3.0952380952380953,2.8095238095238093,3.0238095238095237,45.8955223880597,211,1
43,1770a96b-49b4-4610-b2c2-3b86e48ad574,201,99,49.25373134328358,2.918032786885246,3.3114754098360657,2.9836065573770494,2.9344262295081966,51.02857142857143,214,0
44,1805aec3-ca2e-42cb-9535-f4e145652214,186,92,49.46236559139785,3.0350877192982457,2.982456140350877,3.0526315789473686,3.1228070175438596,53.44615384615385,205,0
45,18611848-21c2-4c3f-a6fe-3ae4f0b923b5,180,89,49.44444444444444,2.742857142857143,2.8142857142857145,3.257142857142857,2.9,40.5,193,0
46,18d780e8-1a52-4754-bf6c-95de2d4c498a,191,95,49.73821989528796,3.04,2.8133333333333335,3.0533333333333332,2.8933333333333335,52.515151515151516,188,0
47,19d800cc-2739-4f11-a6c7-739302033099,182,94,51.64835164835166,3.0579710144927534,2.8405797101449277,3.0869565217391304,2.927536231884058,47.03921568627451,153,1
48,1a341157-d704-40bc-bf2c-873a83721a18,172,87,50.58139534883721,3.046875,3.28125,2.984375,2.90625,52.714285714285715,193,1
49,1ab51184-1a23-453b-923e-65572facf3b9,175,82,46.85714285714286,3.2,2.7454545454545456,2.8545454545454545,2.727272727272727,44.644067796610166,176,0
50,1ac500b3-8255-4778-a81c-e10232bfa39a,179,90,50.27932960893855,3.142857142857143,3.4285714285714284,2.9183673469387754,2.8979591836734695,47.0,184,1
51,1ac7fafd-6893-45cf-a407-009bfbadea40,185,82,44.32432432432433,3.1805555555555554,2.875,2.75,3.263888888888889,51.507936507936506,183,0
52,1afef71d-f3fc-40c0-b8b8-e5d5dc4447de,154,81,52.5974025974026,3.0161290322580645,3.193548387096774,2.774193548387097,2.967741935483871,52.131147540983605,190,1
53,1b3f8542-1f7e-4dca-b011-f6f0d5087716,186,92,49.46236559139785,3.05,3.0833333333333335,2.9166666666666665,3.0166666666666666,49.46268656716418,203,0
54,1b422d58-2190-4e01-a583-48dabe84cf64,155,80,51.61290322580645,2.9056603773584904,3.1132075471698113,2.9056603773584904,2.830188679245283,44.30508474576271,181,1
55,1b74511b-3d58-4ac7-9428-a5c30268e44f,179,94,52.513966480446925,2.5849056603773586,2.811320754716981,2.943396226415094,3.018867924528302,56.54794520547945,212,1
56,1b8f9deb-f8a6-4bb3-9431-ae72c218cd7f,178,95,53.37078651685393,2.737704918032787,3.262295081967213,3.180327868852459,3.377049180327869,53.534246575342465,253,1
57,1bcc57e2-1ba7-4232-bd3d-5f6cf5fbdd96,190,99,52.10526315789473,3.25,2.6964285714285716,3.125,3.375,46.857142857142854,230,1
58,1c196597-1772-4701-ae69-a3224307dc56,170,86,50.588235294117645,3.2641509433962264,3.1132075471698113,3.018867924528302,3.0377358490566038,46.58571428571429,212,1
59,1c57d8ef-76e6-46f2-9c35-dc3912e77f57,170,84,49.411764705882355,3.0303030303030303,3.196969696969697,3.0757575757575757,2.772727272727273,47.276923076923076,194,0
60,1c595387-6895-47ad-a42f-cb102702a2f5,167,84,50.29940119760479,3.1578947368421053,3.1403508771929824,3.175438596491228,3.1578947368421053,51.557377049180324,189,1
61,1c9a0dbe-9d6b-41b2-b11f-8b964717585f,177,76,42.93785310734463,3.3076923076923075,2.830769230769231,3.0923076923076924,3.0,49.17910447761194,198,0
62,1d5ceb7e-fba4-42c6-a5c1-dfff31fe1df7,178,96,53.93258426966292,3.288135593220339,3.0,2.694915254237288,3.0338983050847457,56.65,183,1
63,1d83d8f1-3988-42a0-9a9b-df97b7724c9b,196,109,55.61224489795919,2.6507936507936507,2.9206349206349205,3.3968253968253967,2.857142857142857,50.924528301886795,157,1
64,1dcb851f-1629-455e-8010-5f101661d8a1,189,81,42.857142857142854,2.838709677419355,2.9516129032258065,3.032258064516129,2.8548387096774195,48.15625,189,0
65,1ebdc88d-2643-4a6d-b1df-c444060e1e0d,217,106,48.8479262672811,2.896551724137931,2.810344827586207,3.0,3.1379310344827585,52.39655172413793,182,0
66,20b92ba6-e95b-4529-9bc5-13924cdbe04e,170,86,50.588235294117645,3.482142857142857,3.3392857142857144,3.232142857142857,2.8214285714285716,52.18181818181818,183,1
67,216b3f86-819e-4c9c-924f-b7adabf7f272,191,80,41.8848167539267,3.032258064516129,3.0161290322580645,2.7096774193548385,3.0,48.05555555555556,216,0
68,220640f3-f0a3-4755-b9e3-cc8fe43cb419,190,98,51.578947368421055,3.036363636363636,2.727272727272727,2.9454545454545453,3.272727272727273,54.903225806451616,200,1
69,22593326-6eac-412f-82f0-ea16add7b49b,178,94,52.80898876404494,3.4782608695652173,3.0,3.0,3.1956521739130435,53.1551724137931,170,1
70,22ed43df-05c5-4d8d-97cc-25f3c6ab234c,209,104,49.760765550239235,2.8904109589041096,2.9452054794520546,3.2465753424657535,3.0684931506849313,46.320754716981135,170,0
71,23e8c90e-5bc5-4a1a-b5f3-cba9bf57c141,220,112,50.90909090909091,3.169491525423729,3.0,3.169491525423729,3.169491525423729,53.473684210526315,163,1
72,24c60e6b-200f-4e29-83b7-73f36cbc5645,203,84,41.37931034482759,3.0384615384615383,3.0384615384615383,3.076923076923077,3.173076923076923,44.57142857142857,160,0
73,255cd756-10b7-4f8c-9e62-09007264b4d4,174,88,50.57471264367817,3.1153846153846154,2.8846153846153846,3.1346153846153846,2.980769230769231,57.59574468085106,162,1
74,262a4c56-70a6-400b-a8a8-02d1e0770c80,150,84,56.00000000000001,2.769230769230769,3.0615384615384613,3.0153846153846153,3.0615384615384613,44.67796610169491,185,1
75,26b9cf0b-b1b9-4a0a-bec7-b6411aad6313,188,90,47.87234042553192,3.1451612903225805,3.0,3.193548387096774,2.838709677419355,44.771929824561404,166,0
76,27587de0-558d-4e1a-8308-ca92dd5d3f52,198,83,41.91919191919192,3.2916666666666665,3.0833333333333335,3.1458333333333335,2.8333333333333335,50.372549019607845,135,0
77,276ccdc4-ecd3-46c8-9e2c-cec229c1b70d,168,79,47.023809523809526,3.036363636363636,3.2181818181818183,3.109090909090909,2.981818181818182,49.71875,202,0
78,28dd0624-b482-47b9-b2a7-bee1a8b5fafb,190,93,48.94736842105264,3.0625,2.96875,3.140625,2.984375,52.142857142857146,163,0
79,2a08acd9-4925-4b29-a4e8-37a384a526a4,169,87,51.4792899408284,2.9393939393939394,2.727272727272727,2.6363636363636362,3.0303030303030303,58.15714285714286,226,1
80,2aa0912e-e1c3-418c-8368-f53393249b6a,199,104,52.26130653266332,2.819672131147541,3.081967213114754,3.0,3.0491803278688523,53.82,141,1
81,2aab5f17-34ec-4ff5-99ca-b3b253e2f21f,156,69,44.230769230769226,2.6153846153846154,3.0961538461538463,2.980769230769231,2.730769230769231,51.15,176,0
82,2bc7aeb8-5e54-4199-b050-d24a4ec9bce1,172,90,52.32558139534884,2.9558823529411766,2.911764705882353,2.8676470588235294,2.7205882352941178,44.58620689655172,167,1
83,2d69753f-26b4-44fa-be2d-ba71d8344ab8,154,80,51.94805194805194,3.288135593220339,2.9491525423728815,2.7288135593220337,2.7796610169491527,49.8448275862069,173,1
84,2d8f3fce-72b1-4135-907e-91617b6f0196,175,92,52.57142857142857,2.736842105263158,2.8596491228070176,3.017543859649123,2.754385964912281,46.85,194,1
85,2dae43c1-e94c-44a6-8800-47c3ffa7ad75,191,92,48.167539267015705,2.739130434782609,3.0869565217391304,2.9565217391304346,3.0869565217391304,50.5,155,0
86,2dafe10a-0e8e-4d2e-8f80-cca1820d113e,159,80,50.314465408805034,3.0,3.13953488372093,2.9069767441860463,2.9069767441860463,47.660377358490564,146,1
87,2de5c783-5de0-4cd1-9cc9-8404fa66726b,168,92,54.761904761904766,2.9411764705882355,3.1176470588235294,2.7254901960784315,3.2549019607843137,51.98245614035088,187,1
88,2e26ff44-d9a3-48b5-a13e-b1ed669c8b60,170,66,38.82352941176471,2.761904761904762,2.9206349206349205,3.0793650793650795,2.8095238095238093,51.73913043478261,208,0
89,2f23f4fe-f67b-468a-802b-60d6170d586b,184,93,50.54347826086957,3.0517241379310347,2.8793103448275863,3.1724137931034484,2.9827586206896552,48.52542372881356,173,1
90,2fca7f5f-6bf6-4cae-8c59-f2015f7dde26,181,89,49.171270718232044,3.2027027027027026,2.8513513513513513,3.108108108108108,2.72972972972973,46.57142857142857,184,0
91,30f0fadc-bb6a-4a06-8aaa-f6d656b0b51a,168,78,46.42857142857143,3.0793650793650795,2.9047619047619047,2.9206349206349205,3.0793650793650795,55.43478260869565,201,0
92,3149a334-ebfc-4bf8-95e3-50cdf2aeb014,178,88,49.43820224719101,3.066666666666667,3.216666666666667,3.0166666666666666,2.95,50.14545454545455,184,0
93,314a7f5c-922f-455a-a8ca-cebc6c14325b,163,70,42.944785276073624,3.2459016393442623,2.80327868852459,3.1475409836065573,2.901639344262295,54.867924528301884,149,0
94,3159618f-6473-47ac-9015-5b0447fc08cc,177,92,51.9774011299435,2.9206349206349205,2.619047619047619,2.6825396825396823,3.0,51.87931034482759,170,1
95,33614202-2a7b-45c5-8f2b-cfb9f910f7a7,183,97,53.00546448087432,2.876923076923077,2.9076923076923076,3.1384615384615384,3.230769230769231,45.391304347826086,194,1
96,339a1e9c-04c5-47ff-a0bb-672b62e2734c,161,81,50.31055900621118,3.0757575757575757,3.1666666666666665,2.742424242424242,3.1515151515151514,47.09375,199,1
97,34f364f8-9f35-437f-b7e8-00794887f23d,181,98,54.14364640883977,2.7301587301587302,3.2063492063492065,2.7936507936507935,3.3174603174603177,55.943661971830984,212,1
98,360fc98c-8d9a-43e6-8c31-9fccaf55a51f,183,88,48.08743169398907,2.942857142857143,2.8857142857142857,3.1,2.9,53.351851851851855,172,0
99,36d49010-1a09-401a-9508-8ba776650531,186,90,48.38709677419355,3.235294117647059,3.088235294117647,3.176470588235294,3.088235294117647,44.07142857142857,156,0
100,36e6fd41-e0b7-489f-94b4-5999d3915c48,193,102,52.84974093264248,2.6818181818181817,3.409090909090909,2.9545454545454546,3.0,49.61538461538461,176,1
101,37226f26-cdd4-4e39-84d3-314ff0525eef,174,92,52.87356321839081,2.9583333333333335,2.8125,3.1875,2.8958333333333335,56.51724137931034,168,1
102,37d8e456-a1c8-4bfc-9e1f-4b269782e5d0,185,89,48.10810810810811,3.338709677419355,2.838709677419355,2.774193548387097,2.967741935483871,48.41538461538462,180,0
103,394d2663-733d-4395-84f3-a7243d63e771,190,99,52.10526315789473,2.6166666666666667,3.25,3.0833333333333335,2.8,53.233333333333334,182,1
104,3958bd33-190f-40f6-856b-c5b7310e1500,166,92,55.42168674698795,3.1607142857142856,2.875,2.5892857142857144,3.232142857142857,50.93650793650794,212,1
105,39ed15b7-e4a0-45c1-bdfb-33115664ac17,201,100,49.75124378109453,2.8674698795180724,2.7349397590361444,2.9397590361445785,2.9036144578313254,46.33898305084746,181,0
106,39edfea0-5076-451e-bc90-863051823da1,173,82,47.398843930635834,2.9215686274509802,3.1176470588235294,3.156862745098039,3.196078431372549,46.707692307692305,213,0
107,3a3acb36-4eb7-4d62-a3a6-5a5e1b59b43c,173,95,54.91329479768786,3.2535211267605635,2.8732394366197185,3.183098591549296,2.915492957746479,48.529411764705884,200,1
108,3a570697-d4ae-4840-8189-da5a7b298336,172,89,51.74418604651163,2.8507462686567164,2.9402985074626864,2.8507462686567164,2.8805970149253732,47.130434782608695,202,1
109,3adab047-bb5e-4ebe-9726-2ccb5a0bb18b,177,93,52.54237288135594,3.2027027027027026,3.0945945945945947,3.22972972972973,3.0,52.47692307692308,220,1
110,3af61b72-2de9-4b92-9361-0def5e0fccd3,193,106,54.92227979274611,3.111111111111111,2.9814814814814814,2.7777777777777777,2.9074074074074074,54.83582089552239,215,1
111,3afaa635-2662-45a2-b704-841a1dd67dc6,171,91,53.216374269005854,2.7755102040816326,3.0408163265306123,3.0816326530612246,3.020408163265306,52.285714285714285,149,1
112,3b30b508-fa43-414a-89fd-708f5a1f6793,204,112,54.90196078431373,2.983050847457627,2.5762711864406778,3.0677966101694913,3.0,47.72222222222222,188,1
113,3bffcd30-aa75-4d5b-8b98-054f8512c0da,165,84,50.90909090909091,3.180327868852459,2.9672131147540983,2.819672131147541,3.0655737704918034,49.067796610169495,185,1
114,3c0cd2cf-796a-45d1-89aa-4a28216ffbaa,170,95,55.88235294117647,3.0526315789473686,2.736842105263158,3.1052631578947367,2.8947368421052633,47.74074074074074,165,1
115,3cd76dd1-1272-4094-bd4d-49afbca1b07b,193,82,42.487046632124354,3.380952380952381,2.761904761904762,2.9365079365079363,2.7936507936507935,54.05882352941177,147,0
116,3d434a48-dd68-43ad-bda6-8b0dd6f4d52b,149,60,40.26845637583892,2.979591836734694,3.122448979591837,2.795918367346939,2.9591836734693877,51.125,180,0
117,3d5d29e0-03ad-4516-9934-6a3032067ad9,205,111,54.146341463414636,3.169491525423729,3.135593220338983,2.6610169491525424,3.0,54.63934426229508,201,1
118,3dddb262-894d-4daa-8709-485572f90d41,184,92,50.0,3.028169014084507,2.647887323943662,3.1690140845070425,3.084507042253521,54.26923076923077,164,0
119,3de7102d-c673-468e-911e-47ea0d03d3c4,180,96,53.333333333333336,3.1194029850746268,3.08955223880597,3.044776119402985,3.2686567164179103,55.5,194,1
120,3e5f43d3-843a-49e6-af5a-9184b9aebe14,167,78,46.706586826347305,3.2295081967213113,3.0655737704918034,2.9508196721311477,3.180327868852459,51.05797101449275,229,0
121,3e752c4b-14f3-4fc4-ad05-379b5058e7db,174,93,53.44827586206896,3.180327868852459,3.0655737704918034,2.8524590163934427,2.721311475409836,45.59649122807018,167,1
122,3f6b6159-9934-4d5b-ac2b-30cb74b421b2,191,92,48.167539267015705,2.7777777777777777,2.9682539682539684,3.0952380952380953,3.3968253968253967,45.967213114754095,179,0
123,3fd90e10-c124-46b5-a322-977fe78e1194,190,103,54.21052631578947,3.125,3.2708333333333335,2.8958333333333335,2.7916666666666665,53.2,176,1
124,401eeab0-1c95-4d63-86f4-03df4caf80db,173,88,50.86705202312138,3.2222222222222223,2.9682539682539684,2.9682539682539684,3.0476190476190474,46.8,156,1
125,405f6bd7-fb97-40f8-a5d5-b62a5eb95920,182,99,54.395604395604394,3.0,3.0,3.08,2.74,45.31147540983606,198,1
126,40cfae1b-92e4-4103-825d-7042c107500b,179,88,49.162011173184354,2.8679245283018866,3.1320754716981134,3.150943396226415,2.830188679245283,50.25423728813559,173,0
127,40f2de19-51af-4989-bc1c-e5d7e32e1c5d,170,86,50.588235294117645,3.112676056338028,3.140845070422535,2.915492957746479,2.788732394366197,45.66101694915254,164,1
128,423fa238-e7e7-47e3-8e39-eae8425fe044,193,97,50.259067357512954,3.1,2.966666666666667,2.816666666666667,3.3333333333333335,50.410714285714285,159,1
129,42ccf7df-d17e-43ec-ace7-a05329d1b573,166,87,52.40963855421686,2.75,2.767857142857143,3.1607142857142856,2.8035714285714284,49.76190476190476,183,1
130,43242eca-309d-4557-86da-291c27c101e7,184,85,46.19565217391305,3.140845070422535,3.0140845070422535,2.788732394366197,3.2253521126760565,56.30769230769231,156,0
131,43ce4e0c-3dae-444f-9589-7dda7c5d6be0,182,93,51.098901098901095,3.0754716981132075,3.1320754716981134,3.150943396226415,2.9622641509433962,52.13559322033898,173,1
132,43f4c8ba-32b7-419e-ad4d-4e62732a88f4,171,80,46.783625730994146,3.245614035087719,3.1228070175438596,2.8596491228070176,3.087719298245614,51.76923076923077,210,0
133,44fa6890-ddc4-4029-9e8b-5e0abe20887d,186,96,51.61290322580645,3.203125,2.96875,3.078125,3.015625,49.53125,191,1
134,450dc66b-e5ff-4cb6-847c-e423287276f2,182,93,51.098901098901095,3.0555555555555554,2.8333333333333335,2.888888888888889,2.8518518518518516,48.107142857142854,165,1
135,45143d54-9c26-40e4-a937-957698021466,179,84,46.927374301675975,2.7254901960784315,2.980392156862745,3.1372549019607843,3.019607843137255,53.767857142857146,150,0
136,462a5136-9973-4b33-a65b-ffcdc972565b,171,82,47.953216374269005,2.9846153846153847,2.769230769230769,3.292307692307692,3.1384615384615384,49.7,153,0
137,476536d7-5cd7-46e4-99b4-d4af80bbb131,182,103,56.59340659340659,2.7777777777777777,2.873015873015873,3.015873015873016,3.1746031746031744,51.52459016393443,179,1
138,47b4be18-59e6-449b-bddc-619c00fd5506,177,86,48.58757062146893,2.943661971830986,2.887323943661972,2.943661971830986,3.380281690140845,52.2463768115942,200,0
139,49660b11-b54b-4cf7-8a57-35743b8f3cf6,168,87,51.78571428571429,3.0547945205479454,3.0136986301369864,3.3835616438356166,2.808219178082192,51.220338983050844,186,1
140,49881b98-7af2-48a4-b3a2-d3a04e6b6bb5,169,83,49.112426035502956,3.188679245283019,2.943396226415094,3.0,2.5283018867924527,47.59615384615385,158,0
141,49c5de5b-447d-49c1-aad0-d0eb72aa6804,164,79,48.170731707317074,3.1379310344827585,3.2413793103448274,2.9655172413793105,2.8448275862068964,49.93055555555556,200,0
142,4a0526b3-e8f4-4635-ad4e-61ba5646f4aa,178,85,47.752808988764045,3.0945945945945947,3.3378378378378377,3.22972972972973,2.9864864864864864,53.06666666666667,166,0
143,4ad3f6a2-101f-4023-b0c7-f44b3dcdf426,163,84,51.533742331288344,2.6944444444444446,2.9722222222222223,3.1944444444444446,3.388888888888889,58.11864406779661,164,1
144,4b0b4d2c-c59a-40b6-9c33-d236da7fc7e6,181,87,48.06629834254144,3.1454545454545455,3.090909090909091,2.8181818181818183,3.018181818181818,48.98529411764706,196,0
145,4b821670-c247-452e-8b62-6f0c14661ab6,167,91,54.49101796407185,2.9361702127659575,3.5106382978723403,3.148936170212766,2.8297872340425534,55.09836065573771,177,1
146,4baaf313-c32f-4aa9-835c-8f247f9ec6c5,173,94,54.33526011560693,2.9649122807017543,3.1578947368421053,3.0526315789473686,3.0526315789473686,50.27777777777778,176,1
147,4bdba798-b10b-4fe9-8c5b-efc1d712e5c7,190,99,52.10526315789473,3.3962264150943398,3.056603773584906,3.0943396226415096,2.981132075471698,53.30769230769231,194,1
148,4d0a5205-f7ec-40be-aac7-92fa5877dc04,190,101,53.1578947368421,2.972972972972973,3.2027027027027026,2.824324324324324,2.9864864864864864,47.68181818181818,214,1
149,4d168da6-e461-4818-978c-e93aeb2022b9,171,85,49.707602339181285,3.09375,2.71875,2.578125,2.84375,54.317460317460316,180,0
150,4d244d08-9b6f-4865-b896-a1a88b736ba7,183,100,54.644808743169406,3.03125,2.84375,3.109375,3.484375,50.60377358490566,149,1
151,4d834898-041f-4ec3-b796-0b853a7f53fb,180,83,46.111111111111114,2.8,2.96,2.72,2.96,52.95238095238095,170,0
152,4ded1569-fb30-4c0c-87bb-fc7a2f578a95,195,99,50.76923076923077,2.875,2.890625,2.984375,3.140625,46.450980392156865,155,1
153,4e123d96-7b00-4638-be03-32d1729e0713,178,103,57.865168539325836,2.982142857142857,2.9642857142857144,2.8035714285714284,3.2142857142857144,55.18333333333333,156,1
154,4f4fef37-dbc6-4819-b6cf-c2b19dc33786,163,84,51.533742331288344,2.9,3.057142857142857,3.1285714285714286,2.8285714285714287,41.064516129032256,186,1
155,4fe98cbc-8998-4fb9-a0e3-5842e845c9f8,191,92,48.167539267015705,3.169230769230769,2.4615384615384617,2.9846153846153847,3.0923076923076924,50.943396226415096,146,0
156,50f0d9b2-7cf7-4ead-83d4-d5180f1a7636,225,122,54.22222222222223,2.7586206896551726,2.9655172413793105,2.9655172413793105,2.9655172413793105,50.353846153846156,184,1
157,51ea4e0f-8987-45c6-b9b7-a2aa8cf0952d,175,95,54.285714285714285,3.196969696969697,2.803030303030303,3.0606060606060606,3.303030303030303,50.28846153846154,162,1
158,52066163-31b2-4286-b9bf-1e770a6e9bd8,175,94,53.714285714285715,2.880952380952381,3.3095238095238093,2.857142857142857,2.7857142857142856,53.813559322033896,200,1
159,52a6cfde-d17c-4f5d-92c1-3c81f042f402,160,81,50.625,3.0327868852459017,3.0491803278688523,3.098360655737705,3.0655737704918034,51.96551724137931,173,1
160,52aab249-c6cd-4201-8dc6-2fbaafb7a569,167,91,54.49101796407185,3.0701754385964914,2.982456140350877,3.0,2.8771929824561404,45.483333333333334,170,1
161,540e8e79-0f03-4289-9066-59314a51629a,178,92,51.68539325842697,3.0833333333333335,2.9166666666666665,3.2083333333333335,3.5,57.10344827586207,165,1
162,5536bdcd-3fee-42eb-9adb-27c95f698508,159,83,52.20125786163522,2.7301587301587302,3.4603174603174605,2.9206349206349205,2.9682539682539684,47.925925925925924,160,1
163,55a6dd1c-2e73-4b7d-ac9d-5615f0bbd91e,176,89,50.56818181818182,2.7450980392156863,2.9607843137254903,3.176470588235294,3.0392156862745097,45.0,179,1
164,55e9df6a-b61f-47ae-873c-9744797d1af3,180,95,52.77777777777778,2.980769230769231,3.1346153846153846,3.230769230769231,3.1923076923076925,51.827586206896555,178,1
165,55fef6a4-f994-4022-a982-a70c7350d978,146,65,44.52054794520548,2.689655172413793,3.0517241379310347,3.1724137931034484,3.1724137931034484,48.89333333333333,221,0
166,56200190-5917-47b2-a1c1-947f6684749f,176,82,46.590909090909086,2.8846153846153846,3.019230769230769,3.230769230769231,3.1153846153846154,43.453125,189,0
167,564f7d52-676c-4dd8-a37e-511529dff6d5,187,104,55.61497326203209,2.9482758620689653,2.9827586206896552,3.0344827586206895,2.9482758620689653,52.72727272727273,157,1
168,565e701d-d821-49f3-9797-83b007767b9c,174,92,52.87356321839081,2.9838709677419355,3.0483870967741935,3.096774193548387,2.9516129032258065,50.86666666666667,182,1
169,58f1a1d3-be43-41cc-95cf-f5ed741974a9,192,94,48.95833333333333,2.938775510204082,3.63265306122449,2.489795918367347,3.0816326530612246,54.0,193,0
170,5925fafa-54a3-4309-9410-b6c2a31598ad,167,74,44.31137724550898,2.9516129032258065,2.9193548387096775,3.370967741935484,2.7903225806451615,53.4025974025974,210,0
171,592826d0-e142-45c8-a6b7-cd5da0fb4af0,208,104,50.0,3.234375,2.734375,2.890625,2.90625,50.38235294117647,191,0
172,595ab78e-f464-4c48-8504-98760c3d9fa7,168,80,47.61904761904761,2.824561403508772,3.0350877192982457,2.9298245614035086,2.824561403508772,52.91525423728814,178,0
173,598c6dce-f5c8-46f4-80b2-99dee23ea4ed,176,94,53.40909090909091,2.9508196721311477,2.9836065573770494,3.0163934426229506,3.0327868852459017,50.733333333333334,126,1
174,5993031f-2cbe-45af-8b54-0545891cefdc,181,92,50.82872928176796,2.7384615384615385,3.0307692307692307,2.8615384615384616,3.4307692307692306,49.13461538461539,153,1
175,59be44aa-3582-4145-92cd-c858be9b1a5d,188,95,50.53191489361703,3.282608695652174,3.0,3.4782608695652173,3.0652173913043477,47.63461538461539,149,1
176,59c59745-9f6e-4202-bc70-333c8b393361,197,88,44.67005076142132,3.188679245283019,3.0,2.811320754716981,3.2452830188679247,52.91525423728814,168,0
177,59dfbeca-0f97-4427-bd8a-622b9f7c74ad,171,92,53.80116959064327,3.015151515151515,2.878787878787879,2.9545454545454546,3.090909090909091,49.76119402985075,206,1
178,5abcfb12-338d-42ba-b1dd-53ef485d23d9,164,83,50.609756097560975,3.098360655737705,3.0655737704918034,3.0491803278688523,2.7540983606557377,51.870370370370374,160,1
179,5ace4cc5-895d-4fee-8ec6-7bb567380509,166,84,50.602409638554214,3.2045454545454546,3.090909090909091,3.022727272727273,3.0681818181818183,56.666666666666664,167,1
180,5b2b1dfb-ceb0-4c02-a9c6-d31df7fc927c,187,87,46.524064171122994,3.1904761904761907,2.873015873015873,3.0,2.9523809523809526,55.52238805970149,192,0
181,5c16cfbb-2791-4787-99b0-fca05b785fa0,185,88,47.56756756756757,3.019230769230769,2.9038461538461537,2.75,3.1153846153846154,49.3968253968254,188,0
182,5c5f16bc-15d3-4393-b92d-9abda07fa76c,180,98,54.44444444444444,3.1206896551724137,3.0344827586206895,2.810344827586207,3.4827586206896552,45.578947368421055,154,1
183,5cf759aa-9eea-4c6b-b18d-e4b90b19b1c3,188,100,53.191489361702125,2.5,3.283333333333333,3.1166666666666667,3.066666666666667,51.145161290322584,194,1
184,5d269bf9-26a0-46c4-993a-8857d2537d09,164,78,47.5609756097561,2.71875,3.015625,2.6875,2.859375,50.13235294117647,217,0
185,5d286559-a872-4d11-b35c-6ac258bead1b,184,90,48.91304347826087,2.811320754716981,2.7735849056603774,2.641509433962264,2.981132075471698,49.56410256410256,113,0
186,5d9067a6-8ba3-4c73-aa0e-d2938239a1cb,180,82,45.55555555555556,3.0869565217391304,2.9855072463768115,3.1594202898550723,2.971014492753623,51.87096774193548,216,0
187,5e4081ed-961b-4985-ac07-496f25b87410,186,100,53.76344086021505,2.8979591836734695,3.0816326530612246,3.163265306122449,2.795918367346939,47.67857142857143,171,1
188,5e5a8d91-b895-43f4-860f-94b09b1cc692,187,102,54.54545454545454,3.142857142857143,2.914285714285714,3.0428571428571427,3.0,46.296875,198,1
189,5e925dc8-c6ea-4c39-a30a-d9ee5a71822a,164,81,49.390243902439025,3.3555555555555556,3.088888888888889,3.066666666666667,3.533333333333333,45.44,154,0
190,5eb7ce98-9138-45b6-acdc-631963b7ced3,186,95,51.075268817204304,2.7333333333333334,3.488888888888889,2.977777777777778,2.6444444444444444,54.5,152,1
191,5ebc2306-b022-498a-96f2-0c96a0d511fc,177,84,47.45762711864407,2.967741935483871,2.661290322580645,2.903225806451613,3.0161290322580645,47.94915254237288,203,0
192,5f9bf87f-17cf-45b3-a11e-7814bbaa3e06,188,97,51.59574468085106,3.0357142857142856,2.7142857142857144,3.107142857142857,2.982142857142857,51.97872340425532,144,1
193,6035078b-c086-4d16-9eb8-41df0e19c8b7,184,100,54.347826086956516,2.875,3.0714285714285716,2.5535714285714284,3.0714285714285716,51.3728813559322,178,1
194,60377a03-257d-4ce6-84d9-73ee56754419,164,74,45.1219512195122,2.9444444444444446,3.013888888888889,2.9305555555555554,2.986111111111111,47.91525423728814,166,0
195,632e1e24-7abc-4d41-b745-a7d9463ea5fe,180,90,50.0,3.033333333333333,2.8333333333333335,3.2,3.283333333333333,53.276595744680854,137,0
196,639f6f51-d185-49ab-a556-fefbc11e4e8e,184,87,47.28260869565217,3.0925925925925926,2.6296296296296298,3.2962962962962963,3.0925925925925926,50.87096774193548,173,0
197,6409e185-b791-44fd-9be1-ef5c95fc10f2,189,108,57.14285714285714,3.1285714285714286,3.3142857142857145,3.2714285714285714,3.3285714285714287,58.465753424657535,224,1
198,6483cd9b-d1b7-411d-8e0d-4273e5d15c99,151,86,56.95364238410596,2.982142857142857,3.0,3.3035714285714284,3.3214285714285716,57.29577464788732,218,1
199,64cf9591-21e6-480f-b3bb-7b512f488c13,179,91,50.83798882681564,3.169491525423729,2.7966101694915255,2.983050847457627,2.9322033898305087,47.16981132075472,166,1
200,65a1db1c-9d45-42e4-8d3d-8ecb147338bf,191,98,51.30890052356021,2.76056338028169,3.211267605633803,2.943661971830986,3.23943661971831,46.67857142857143,168,1
201,65d34299-bdfa-4acb-935b-e9093016230d,220,100,45.45454545454545,3.014925373134328,3.08955223880597,2.925373134328358,3.283582089552239,50.53448275862069,154,0
202,6620bc73-86b3-4d41-9d20-2fafbdb60129,183,103,56.284153005464475,2.986111111111111,3.1944444444444446,3.0972222222222223,2.8194444444444446,51.93333333333333,185,1
203,682ed6ed-ca3b-44b4-a6dc-1cc6e4ce7ed3,179,93,51.955307262569825,3.0833333333333335,2.8333333333333335,2.9833333333333334,2.9,47.03030303030303,185,1
204,6885b4c7-93c8-428e-b8c6-cff7e63d0b16,168,68,40.476190476190474,2.890909090909091,2.981818181818182,2.8545454545454545,2.7454545454545456,54.26984126984127,148,0
205,69211bcb-be9b-4ec4-8db9-149a74eeba48,178,83,46.62921348314607,2.803030303030303,3.515151515151515,3.090909090909091,3.257575757575758,49.05263157894737,157,0
206,696cc855-b533-405e-8855-c462f00d276d,163,90,55.21472392638037,2.9411764705882355,3.0,3.161764705882353,2.985294117647059,47.816326530612244,147,1
207,69809cf9-a2d6-415a-9a8a-e11562fd16f2,170,92,54.11764705882353,2.8088235294117645,2.985294117647059,2.7941176470588234,3.1470588235294117,50.72222222222222,197,1
208,69826fac-4f07-45bf-9876-41d213c4e1b9,177,94,53.10734463276836,2.737704918032787,2.9672131147540983,3.0,3.0,49.34615384615385,154,1
209,69905945-f187-48f5-84bb-77b949930273,189,100,52.910052910052904,3.2363636363636363,3.309090909090909,2.672727272727273,3.1636363636363636,51.36507936507937,195,1
210,6a37a940-e66c-43b8-8ced-b7d9ff3166d8,185,83,44.86486486486487,3.2,2.8363636363636364,2.690909090909091,2.672727272727273,38.482142857142854,164,0
211,6a61f77f-2321-4aeb-84cb-bf97b4a62d0b,177,99,55.932203389830505,3.0,2.9642857142857144,3.0357142857142856,2.982142857142857,49.92727272727273,150,1
212,6a688760-3bd3-413a-9fd1-2539a0359dd5,172,90,52.32558139534884,2.94,3.06,3.08,2.66,52.93650793650794,195,1
213,6b2b1602-3988-4279-b6a9-973836ef9d72,171,84,49.122807017543856,3.085714285714286,2.7857142857142856,3.0285714285714285,3.0,53.98529411764706,190,0
214,6c89001d-0e2b-4caf-997d-a4e3e25d1b58,171,90,52.63157894736842,2.8727272727272726,2.981818181818182,3.036363636363636,2.381818181818182,49.583333333333336,170,1
215,6e12568f-073b-4938-b870-d98dadad7a92,170,82,48.23529411764706,3.109090909090909,3.0545454545454547,3.018181818181818,3.090909090909091,52.0,187,0
216,6eb5a2af-cbc1-4bc6-9fd9-4d95ee57e428,189,106,56.08465608465608,3.396551724137931,3.086206896551724,2.8448275862068964,3.0517241379310347,45.464285714285715,155,1
217,6f4e5663-9c58-45c8-a90b-70ec69b613bc,191,94,49.21465968586388,2.953125,2.828125,3.15625,3.0,51.728813559322035,174,0
218,6fadd2f5-490f-4352-b8d0-a20730537b67,170,81,47.647058823529406,3.0545454545454547,2.581818181818182,2.890909090909091,2.9272727272727272,47.07692307692308,181,0
219,70240083-fe01-4c98-a848-31a5e4731f25,165,71,43.03030303030303,3.0392156862745097,2.980392156862745,2.9215686274509802,2.9607843137254903,49.56521739130435,139,0
220,7058ce30-d7c6-474e-bad3-7f8d66f4dd50,184,80,43.47826086956522,3.265625,2.765625,3.03125,2.84375,47.340425531914896,138,0
221,70ba352f-d42f-4bac-b82f-3ac34ffe08d1,154,72,46.75324675324675,3.125,2.9285714285714284,2.767857142857143,3.3392857142857144,53.36486486486486,203,0
222,7114311d-801e-4c49-8523-ace2d6a1d1f8,194,99,51.03092783505154,2.6964285714285716,3.0714285714285716,2.9107142857142856,3.1607142857142856,46.431372549019606,162,1
223,714caf53-5ae3-46c7-b61e-a924528dd734,165,76,46.06060606060606,3.066666666666667,3.05,2.8666666666666667,3.033333333333333,49.589285714285715,161,0
224,719535fe-bad1-40b5-b609-810935b4434c,193,107,55.44041450777202,2.892857142857143,2.8214285714285716,3.1785714285714284,3.3035714285714284,54.13846153846154,195,1
225,71fe827c-596f-4fe6-91fc-9dc130170136,159,74,46.540880503144656,3.152542372881356,3.152542372881356,2.9491525423728815,2.9661016949152543,49.91525423728814,195,0
226,722d0942-4bcc-42e0-aa5e-9a3b7b5ce2b9,197,104,52.79187817258884,2.873015873015873,3.0952380952380953,3.2063492063492065,2.9047619047619047,52.08474576271186,170,1
227,74403a01-f895-4d75-8ccc-06163b6f379e,198,91,45.95959595959596,3.274193548387097,3.306451612903226,2.967741935483871,3.1774193548387095,57.60606060606061,197,0
228,745137c7-7848-43cf-ba76-7c2af2e3c3e9,176,86,48.86363636363637,2.795918367346939,3.0816326530612246,2.938775510204082,2.5306122448979593,37.8125,201,0
229,754ea12d-bc4a-4217-9eee-c4782407a486,170,78,45.88235294117647,3.2,2.963636363636364,2.8,3.090909090909091,54.64912280701754,166,0
230,7572ffb8-c5f4-4fb8-86b8-659097758feb,161,83,51.5527950310559,2.86,2.9,2.9,3.02,46.74666666666667,203,1
231,78302055-43d6-4d9d-a458-2f58cae5144c,205,99,48.292682926829265,2.870967741935484,2.9838709677419355,2.8548387096774195,2.935483870967742,46.47540983606557,184,0
232,78550413-3561-435f-a99d-9a49bb4d306f,186,99,53.2258064516129,2.9384615384615387,2.707692307692308,2.9692307692307693,2.9846153846153847,49.295081967213115,178,1
233,78c51044-946d-49d5-8ea2-bb85fb79e14b,156,78,50.0,3.0377358490566038,3.1320754716981134,3.056603773584906,3.0754716981132075,48.76119402985075,190,0
234,799a6013-2ff1-45a9-b3f8-009d08688d05,200,109,54.50000000000001,2.8181818181818183,2.8484848484848486,3.1515151515151514,3.0606060606060606,47.309859154929576,209,1
235,79b9d035-6b27-473c-bf1c-6eb4582d18d9,180,86,47.77777777777778,3.1666666666666665,3.015151515151515,3.1363636363636362,2.984848484848485,57.94444444444444,165,0
236,7a08571b-a134-47ae-a73f-f263393f80fa,191,93,48.69109947643979,2.8275862068965516,3.086206896551724,3.0,3.0172413793103448,49.73684210526316,172,0
237,7a21927e-ef00-4d1e-a6b1-b383a7ee37ff,191,110,57.59162303664922,2.6610169491525424,3.0508474576271185,3.1016949152542375,2.9661016949152543,43.24561403508772,162,1
238,7a49c65a-a3ec-4460-a3ac-798e8f003728,171,80,46.783625730994146,2.8688524590163933,3.0491803278688523,2.9344262295081966,2.737704918032787,56.36,163,0
239,7af1f0e4-36a7-461f-b41c-a596fce953e6,173,87,50.28901734104046,2.92,3.08,2.86,2.82,46.464285714285715,170,1
240,7d7fdf42-5a44-4a11-9042-c6719582be09,191,86,45.0261780104712,3.1549295774647885,3.211267605633803,2.816901408450704,2.9014084507042255,47.870370370370374,164,0
241,7dc34a0a-c2b7-47a9-ab67-427d7e9fe59f,197,103,52.28426395939086,3.327272727272727,3.1454545454545455,3.272727272727273,2.8363636363636364,44.5,170,1
242,7e449dcd-82db-4708-b96e-7b1ad599c5c9,202,92,45.54455445544555,2.6666666666666665,2.8771929824561404,3.0,3.0526315789473686,45.93650793650794,180,0
243,7e5fcce7-a177-4110-a8a0-7143eb047d7f,195,96,49.23076923076923,3.0588235294117645,3.0588235294117645,2.9607843137254903,2.9411764705882355,48.41818181818182,181,0
244,7f7cc854-cffb-472f-bac3-2191457fe150,176,85,48.29545454545455,2.8518518518518516,3.2037037037037037,2.740740740740741,2.888888888888889,49.49122807017544,161,0
245,7fbd2fad-d24d-4f1e-9549-bb604814f6c0,202,106,52.475247524752476,2.9782608695652173,3.391304347826087,3.3043478260869565,3.260869565217391,52.766666666666666,180,1
246,7fd0a260-80e2-4c73-9c81-1374c73dce21,200,101,50.5,2.9285714285714284,3.357142857142857,2.982142857142857,3.3214285714285716,41.75,192,1
247,80427cd0-438f-4cf5-84ca-626638403fc5,202,89,44.05940594059406,2.982142857142857,3.2142857142857144,3.1607142857142856,2.9642857142857144,51.095238095238095,195,0
248,80b7fc71-b005-4de2-b63e-dc30a0535d84,180,96,53.333333333333336,2.9411764705882355,2.8823529411764706,2.8627450980392157,3.196078431372549,48.716981132075475,171,1
249,8160e718-5cf3-4f45-830d-c480c08a340f,176,94,53.40909090909091,3.225806451612903,3.2096774193548385,3.1451612903225805,3.0,55.03125,202,1
250,81acbe3b-60e7-4588-858f-92f5d91ba8a1,185,90,48.64864864864865,3.1375,3.125,3.05,3.2,45.285714285714285,205,0
251,822c8971-9925-47a8-8eda-cc0fddea6834,182,104,57.14285714285714,2.869565217391304,2.8043478260869565,2.5,2.760869565217391,48.34,174,1
252,8237a72f-075e-420b-adfe-0259c0aeff20,187,106,56.68449197860963,3.0921052631578947,2.8157894736842106,3.0657894736842106,2.8552631578947367,49.035714285714285,181,1
253,828f94e9-0ff3-4586-bbe5-6ca3085e765c,191,109,57.06806282722513,2.793103448275862,3.0517241379310347,3.0172413793103448,2.9655172413793105,46.890625,178,1
254,82b0ddcb-36e9-442b-9432-c2ac96240092,154,82,53.246753246753244,3.0821917808219177,3.219178082191781,3.0273972602739727,2.8767123287671232,46.140625,183,1
255,83b1edf1-d3ac-4e0b-b42f-2431ad28823b,174,91,52.29885057471264,3.1267605633802815,2.8450704225352115,3.23943661971831,3.0,56.375,158,1
256,83f8b725-f34f-4f25-9f4a-878b161b79c8,191,88,46.07329842931937,3.1944444444444446,2.9166666666666665,2.9722222222222223,2.9583333333333335,50.728813559322035,169,0
257,844f5e7e-4a9c-4b39-b938-e4a47811518f,184,89,48.369565217391305,2.769230769230769,2.9076923076923076,3.0,3.1384615384615384,50.85507246376812,204,0
258,84a64bfa-5786-47fc-92dd-6682a8068da5,172,88,51.162790697674424,3.033333333333333,2.9,3.1333333333333333,2.95,47.40425531914894,146,1
259,850cb0e1-a42b-4205-9219-23e642cd292a,172,81,47.093023255813954,2.7758620689655173,3.293103448275862,3.1206896551724137,3.0517241379310347,46.22222222222222,200,0
260,857cb577-8050-465c-ac98-e97fa0b4ddbe,168,85,50.595238095238095,2.7735849056603774,2.849056603773585,2.811320754716981,2.8867924528301887,49.758620689655174,171,1
261,8594cdc8-bc28-4263-92b6-ec5be8de2821,185,92,49.72972972972973,3.1538461538461537,3.0961538461538463,2.8846153846153846,3.0961538461538463,51.059701492537314,210,0
262,86a60a32-029b-4144-b63b-c71701ac96a4,175,90,51.42857142857142,3.1864406779661016,3.1016949152542375,3.1016949152542375,2.7796610169491527,47.465753424657535,218,1
263,86dc8fcd-0879-4c89-8459-ab6004e530ae,187,97,51.87165775401069,2.8275862068965516,2.913793103448276,2.8793103448275863,2.9310344827586206,53.65277777777778,194,1
264,875b9ba0-c8f1-499c-a2ee-cbd31124cf2a,199,97,48.743718592964825,2.7288135593220337,2.8135593220338984,2.8135593220338984,2.6271186440677967,51.5531914893617,142,0
265,8765a4fd-75ff-46bf-89fd-ef622cdc7ec8,159,81,50.943396226415096,2.717948717948718,2.7435897435897436,3.3076923076923075,3.1025641025641026,49.80327868852459,182,1
266,877cc6b9-2785-4578-ac7c-f0d442d3cc74,168,71,42.26190476190476,3.0384615384615383,3.25,3.2884615384615383,3.019230769230769,54.142857142857146,191,0
267,87a90293-82d3-4978-9d19-f0a58054fbbb,174,92,52.87356321839081,2.9078947368421053,3.013157894736842,3.0789473684210527,3.0657894736842106,44.38775510204081,151,1
268,88380d76-6c5c-4aa6-976c-7babd2e2f21a,174,82,47.12643678160919,3.28125,2.890625,3.265625,3.03125,48.472727272727276,179,0
269,8854a25d-7466-428d-94cf-ffb719297ad9,185,88,47.56756756756757,3.2625,3.1125,2.85,3.2,50.24193548387097,170,0
270,88efc787-8063-449a-8e87-f640476c5ee0,204,95,46.568627450980394,3.25531914893617,2.6382978723404253,2.8085106382978724,2.765957446808511,45.84848484848485,208,0
271,8c117011-35b8-4f2d-8291-9676c054e7f3,180,86,47.77777777777778,3.4285714285714284,3.2285714285714286,3.2857142857142856,2.9285714285714284,57.824561403508774,177,0
272,8c2c299a-2976-44ff-916c-e3422e31d328,184,89,48.369565217391305,3.1333333333333333,3.15,3.25,2.8666666666666667,50.526315789473685,243,0
273,8d147b48-5f68-4159-9673-859217932880,164,84,51.21951219512195,2.8448275862068964,2.8793103448275863,2.896551724137931,3.0,56.455882352941174,199,1
274,8daa0354-ed32-4cd9-8e00-bbf5ac2bb6af,180,100,55.55555555555556,2.73972602739726,2.9315068493150687,2.9178082191780823,2.9863013698630136,48.92156862745098,145,1
275,8e018cc6-8e18-453c-89b6-80fe5970fe8f,172,80,46.51162790697674,2.8524590163934427,3.0491803278688523,2.9672131147540983,2.7868852459016393,59.94285714285714,92,0
276,8f25c95d-d388-44ed-b6fd-bfbecc007de7,179,104,58.10055865921788,3.1159420289855073,2.8405797101449277,3.0,3.289855072463768,53.0,155,1
277,8f4a18e7-be87-458b-bdf4-b5a11bf6dd06,166,88,53.01204819277109,3.171875,3.0625,2.78125,2.8125,54.24590163934426,174,1
278,8f5022e2-f17d-401d-b3f2-0b90421431b0,199,94,47.23618090452261,3.2238805970149254,2.970149253731343,3.014925373134328,2.955223880597015,49.84375,186,0
279,92d3142d-536c-4181-a3e9-3b06dc638ac0,168,87,51.78571428571429,2.9285714285714284,2.8214285714285716,3.1964285714285716,3.0357142857142856,50.89090909090909,162,1
280,92f9cbb2-d438-4329-a6ca-401c858d0805,186,95,51.075268817204304,3.152542372881356,3.016949152542373,3.3728813559322033,3.0,51.78947368421053,147,1
281,93738b59-0260-4106-9a68-0618be186d10,210,107,50.95238095238095,3.0,3.0,2.9047619047619047,3.0634920634920637,48.84905660377358,178,1
282,945f9a71-8670-4017-b59f-49547d427097,176,87,49.43181818181818,3.0,2.814814814814815,2.962962962962963,3.074074074074074,50.67796610169491,152,0
283,94622f4a-0bdd-4093-958a-3dd83f86d144,171,77,45.02923976608187,3.2459016393442623,3.180327868852459,3.1147540983606556,2.9836065573770494,47.753846153846155,206,0
284,94bb9534-d1fa-4fa8-ae60-e7d490412169,181,87,48.06629834254144,3.338709677419355,2.774193548387097,2.8870967741935485,2.967741935483871,41.18840579710145,213,0
285,94e8ee3f-47c7-48b9-bbc2-550779bffee1,187,85,45.45454545454545,2.7662337662337664,3.168831168831169,3.142857142857143,2.831168831168831,47.42857142857143,184,0
286,9524edc4-e124-4a77-ba5f-8f644f3f4126,188,94,50.0,3.169811320754717,3.1132075471698113,3.0377358490566038,3.056603773584906,58.60606060606061,194,0
287,954940b6-5163-4d4e-bdfe-5b48d6477392,170,79,46.470588235294116,2.8823529411764706,3.196078431372549,3.019607843137255,2.7450980392156863,55.25925925925926,157,0
288,96686194-16d6-429b-8c1e-a0c906fbcd4c,197,102,51.776649746192895,2.7301587301587302,3.2063492063492065,2.619047619047619,3.0952380952380953,50.490196078431374,163,1
289,96aea4fd-0a89-4336-8a6a-c855611b6a14,187,105,56.14973262032086,2.973333333333333,2.96,2.8933333333333335,2.7466666666666666,50.32835820895522,211,1
290,96f5d27d-58b4-4b3c-8af4-8cb838008a26,181,98,54.14364640883977,3.189655172413793,3.1379310344827585,3.1724137931034484,2.9655172413793105,56.55,107,1
291,9731e68d-6bd1-4064-a197-5a2d687a667e,196,95,48.46938775510204,2.757575757575758,3.0606060606060606,2.6666666666666665,3.378787878787879,51.0,121,0
292,97688c8a-7bf8-4e86-9466-f72969341357,146,71,48.63013698630137,3.085714285714286,2.857142857142857,2.9285714285714284,3.085714285714286,57.19642857142857,165,0
293,979d95d9-4e87-4a0d-8683-d397b82270bd,184,90,48.91304347826087,2.925925925925926,2.9444444444444446,3.0185185185185186,2.9074074074074074,47.45614035087719,175,0
294,97f982fd-ce30-47f8-b396-405391ba3e12,178,90,50.56179775280899,3.016949152542373,3.016949152542373,2.9322033898305087,2.7966101694915255,43.44827586206897,168,1
295,994ea6a7-fa28-45d8-a1fd-76a270cb22b3,166,78,46.98795180722892,2.8983050847457625,3.0677966101694913,3.1186440677966103,3.0847457627118646,47.278688524590166,181,0
296,998f401b-6bbe-4da1-a231-fab69d2d5af9,171,97,56.72514619883041,3.1333333333333333,2.9,3.0833333333333335,3.3333333333333335,50.578125,194,1
297,9a18e1a0-7043-4f7c-8df8-34b880879d1e,183,88,48.08743169398907,2.6037735849056602,3.0377358490566038,2.981132075471698,2.8867924528301887,49.32835820895522,196,0
298,9bcc4956-3de8-45b2-81a2-70dd7173d55f,183,96,52.459016393442624,2.912280701754386,2.7017543859649122,3.210526315789474,3.1578947368421053,49.333333333333336,153,1
299,9bef853d-02f7-4f7c-8064-1aeaf1e359e4,176,91,51.70454545454546,3.152542372881356,2.864406779661017,2.9152542372881354,3.0508474576271185,51.96774193548387,191,1
300,9cdbd576-d3a7-46cd-9fe5-32df2b5ddafd,152,79,51.973684210526315,2.7142857142857144,2.9682539682539684,2.746031746031746,2.9047619047619047,48.90384615384615,152,1
301,9ce74aba-63f9-4626-8512-3d8a6a272220,180,95,52.77777777777778,3.125,3.0833333333333335,2.875,2.9583333333333335,44.16923076923077,184,1
302,9d2a91cd-b48d-4b15-8fb0-e9bb46d408dc,191,101,52.879581151832454,3.1186440677966103,3.1864406779661016,3.135593220338983,2.8983050847457625,47.0,184,1
303,9d79e495-8f39-48b1-adac-315cea829609,187,93,49.73262032085562,3.0714285714285716,3.107142857142857,3.1607142857142856,3.125,54.81818181818182,229,0
304,9da08ca8-bc9d-42e3-8c6a-53fc1b7da4d4,178,85,47.752808988764045,2.683333333333333,3.15,3.2333333333333334,3.0166666666666666,54.80952380952381,188,0
305,9daeed6a-8cee-4f7c-b562-731aa6c7f5d8,183,84,45.90163934426229,3.0972222222222223,2.9305555555555554,2.9305555555555554,2.736111111111111,55.72222222222222,161,0
306,9ded3e37-9efb-4224-9c12-37e59e3632d6,169,76,44.97041420118343,3.3684210526315788,2.982456140350877,2.9298245614035086,3.175438596491228,46.015625,205,0
307,a0bb1761-db34-4c34-806c-f4ac4eaade11,166,86,51.80722891566265,2.716417910447761,3.1940298507462686,3.044776119402985,3.0597014925373136,46.015151515151516,197,1
308,a0cf0585-fce3-49b6-a0f6-effc49454cdd,173,84,48.554913294797686,3.171875,2.96875,2.859375,3.0625,49.83050847457627,194,0
309,a0d9de91-7e4c-4e24-ba4c-ca113fa8b82a,178,84,47.19101123595505,3.1147540983606556,2.8852459016393444,3.262295081967213,2.8524590163934427,51.142857142857146,193,0
310,a0f91afa-a3f5-4f10-b93a-7bc3afbf82e6,170,82,48.23529411764706,3.0163934426229506,2.8852459016393444,2.9836065573770494,3.2131147540983607,57.35,167,0
311,a109e6e0-1e20-4949-bf41-33d07e8eff88,183,98,53.551912568306015,2.5294117647058822,3.411764705882353,3.196078431372549,3.1176470588235294,51.370370370370374,144,1
312,a163fbce-5973-441d-95ba-60e066b61853,177,101,57.06214689265536,2.8333333333333335,3.2708333333333335,3.1041666666666665,3.0625,50.31481481481482,146,1
313,a1a26fea-83e3-4c5e-8134-5d0fd4dbe23f,169,73,43.19526627218935,3.0943396226415096,3.0377358490566038,2.830188679245283,3.188679245283019,47.53225806451613,175,0
314,a25b9b7f-0e3a-40c5-9bc7-2b0b01ec30fc,191,92,48.167539267015705,2.945945945945946,3.1486486486486487,3.0405405405405403,2.9594594594594597,51.91935483870968,176,0
315,a289056b-35ab-4d09-9a07-a4629a8f0a7c,190,102,53.68421052631579,3.3207547169811322,2.9245283018867925,2.9056603773584904,3.2264150943396226,40.19642857142857,158,1
316,a3954eca-89c7-41fe-bf10-5e357b16e3b2,191,93,48.69109947643979,3.0555555555555554,3.0925925925925926,2.888888888888889,3.0925925925925926,51.822784810126585,240,0
317,a5839925-6c62-445b-a33e-1567086ea4d3,164,77,46.95121951219512,2.765625,3.4375,2.96875,3.171875,53.96491228070175,173,0
318,a5c362e0-9475-4308-9ecc-1f0e738fcaa4,190,99,52.10526315789473,3.056338028169014,3.1690140845070425,3.0704225352112675,3.0140845070422535,49.94827586206897,187,1
319,a5db7a42-e2dc-43b7-bd7b-00a9771cb763,191,101,52.879581151832454,2.857142857142857,2.9682539682539684,2.8095238095238093,3.015873015873016,48.094339622641506,153,1
320,a68af413-501a-4fb9-8612-8e0c43ea225e,167,76,45.50898203592814,3.0350877192982457,3.0526315789473686,3.2280701754385963,3.1403508771929824,48.68852459016394,163,0
321,a6c3a793-9645-4a70-8c43-774ff929027c,191,89,46.596858638743456,2.8813559322033897,2.8983050847457625,2.7457627118644066,2.864406779661017,41.07692307692308,167,0
322,a7cd6db9-4d84-4aec-b57e-5b045916d792,185,92,49.72972972972973,2.893939393939394,2.727272727272727,3.303030303030303,2.5454545454545454,44.52459016393443,205,0
323,a80a7791-c959-4337-8b50-df54fecf07cc,193,97,50.259067357512954,3.0,2.806451612903226,2.6451612903225805,3.129032258064516,47.369565217391305,140,1
324,a91bd7d8-c960-4b46-be12-888754314648,188,86,45.744680851063826,2.788732394366197,3.112676056338028,3.0704225352112675,2.8309859154929575,53.06666666666667,139,0
325,a92fd076-0539-4058-b08e-8fde1d41f8a1,171,89,52.046783625730995,3.0163934426229506,2.8524590163934427,2.9836065573770494,2.9672131147540983,60.660714285714285,149,1
326,a9376b3c-92b6-4125-8dd6-c43695a47cbc,172,76,44.18604651162791,2.9482758620689653,2.9827586206896552,3.3620689655172415,2.9310344827586206,51.96153846153846,157,0
327,a9b498ff-4018-4a18-ac1a-3be17e034b5a,180,100,55.55555555555556,2.8448275862068964,2.689655172413793,3.1551724137931036,3.189655172413793,54.295081967213115,183,1
328,a9bd6d33-d1c9-4ca9-b9d3-7e33b9b2cde8,185,105,56.75675675675676,3.0,2.6666666666666665,3.280701754385965,3.3684210526315788,56.62068965517241,185,1
329,a9c8b676-a946-4563-8a86-67460cbb470c,176,100,56.81818181818182,3.0526315789473686,2.736842105263158,3.1578947368421053,2.824561403508772,50.65909090909091,121,1
330,aa03b688-8d57-430f-875f-ef3f46e6757e,190,94,49.473684210526315,3.1451612903225805,3.193548387096774,3.338709677419355,3.0,47.15625,201,0
331,aa9a0077-dc3a-4910-8d66-69c32bd2ff2d,183,84,45.90163934426229,3.2,3.26,3.36,2.7,51.17857142857143,163,0
332,ab0361fc-00e0-4a81-bc4a-8a4d9a4b1458,204,95,46.568627450980394,3.403225806451613,3.2419354838709675,2.935483870967742,3.3225806451612905,50.094339622641506,168,0
333,ab63c853-8355-4d65-be0f-7b01fdce651f,194,98,50.51546391752577,2.7083333333333335,2.9791666666666665,2.9583333333333335,2.8958333333333335,50.1578947368421,159,1
334,ab7c0b12-f154-4ab7-8d5b-20559fd8364d,198,91,45.95959595959596,2.7704918032786887,3.0491803278688523,3.0163934426229506,2.901639344262295,49.557377049180324,176,0
335,ab8ab7e0-1c48-445e-a1ff-01677523e987,180,81,45.0,3.064516129032258,3.064516129032258,3.2096774193548385,2.870967741935484,53.609375,196,0
336,abf77a0a-bb1e-4bcf-ab27-f58181b4b6d6,202,87,43.06930693069307,2.876923076923077,2.9692307692307693,2.8461538461538463,2.830769230769231,46.42622950819672,165,0
337,acddb003-9a75-4b75-a272-6c50a83d65bd,177,97,54.80225988700565,2.574074074074074,2.8518518518518516,3.0555555555555554,3.0555555555555554,46.86842105263158,212,1
338,ad074ff4-e34f-4a43-84da-4ca79bf156ee,219,117,53.42465753424658,3.0535714285714284,3.25,3.1964285714285716,2.9464285714285716,46.17460317460318,168,1
339,adb023d0-d568-4d6a-a4f4-b1f390d6241d,201,91,45.27363184079602,3.327272727272727,2.4909090909090907,3.1454545454545455,3.0727272727272728,50.17460317460318,183,0
340,adda1619-c898-40bd-8b05-3eff5dc7125c,168,76,45.23809523809524,2.66,3.02,2.6,3.22,54.535714285714285,158,0
341,af3d2a70-b6b4-4d29-b8c0-4fc87873644a,173,82,47.398843930635834,3.3220338983050848,3.2033898305084745,2.7457627118644066,2.6271186440677967,51.25,167,0
342,af8cb598-19c8-4f3e-963f-4ee478e69aad,174,91,52.29885057471264,3.0384615384615383,2.9423076923076925,3.019230769230769,3.0576923076923075,45.7906976744186,126,1
343,afc98f5d-3cdf-42df-aab3-0b815f6a003a,191,97,50.78534031413613,3.1475409836065573,2.8360655737704916,3.1475409836065573,2.8524590163934427,52.08474576271186,168,1
344,afd6fe9f-ece5-4f80-bb81-1e0da0ace5d3,197,101,51.26903553299492,3.169230769230769,2.769230769230769,2.9692307692307693,3.0615384615384613,55.516129032258064,193,1
345,b0258a99-5aab-4136-8fed-19f47ef560c7,199,101,50.753768844221106,3.02,3.02,2.8,3.48,55.73684210526316,167,1
346,b03b1977-7445-4313-8af2-f5f5ded1b442,179,84,46.927374301675975,2.9833333333333334,3.1,2.6666666666666665,2.8833333333333333,47.91044776119403,208,0
347,b04a5ff0-3e36-4e28-975f-2930c02df687,177,87,49.152542372881356,3.033333333333333,3.1,2.933333333333333,3.0833333333333335,50.8051948051948,215,0
348,b0c3477f-b29a-4158-b0eb-b29644677bcd,195,91,46.666666666666664,3.0634920634920637,3.0476190476190474,2.9682539682539684,3.1587301587301586,43.95,162,0
349,b143140e-8517-4a72-bd77-934fdcb6e277,191,90,47.12041884816754,3.2459016393442623,3.0491803278688523,3.098360655737705,3.278688524590164,47.375,173,0
350,b1573451-a10a-4510-851c-fbb43f527b42,211,104,49.28909952606635,3.1186440677966103,3.1016949152542375,3.0847457627118646,3.152542372881356,53.03389830508475,179,0
351,b23553a4-d2d8-494a-aada-e6f723cb1aa0,167,86,51.49700598802395,2.982456140350877,3.263157894736842,3.087719298245614,3.0,47.666666666666664,153,1
352,b2bd66bc-982f-4210-a9ef-5e5fee4a3c0a,162,81,50.0,3.027027027027027,3.0,2.810810810810811,2.6621621621621623,48.62903225806452,200,0
353,b324c2ef-5c3e-4659-8f9a-085f18db3565,195,102,52.307692307692314,3.2545454545454544,3.2545454545454544,2.890909090909091,3.018181818181818,52.3134328358209,198,1
354,b3bd26de-8e67-473b-9992-d64c0b00dfbf,172,90,52.32558139534884,3.06,3.02,2.92,3.32,53.688311688311686,219,1
355,b4b38ceb-1f2f-424d-86c6-2b8e31c0c9bd,187,107,57.21925133689839,3.0714285714285716,2.8392857142857144,3.357142857142857,3.5535714285714284,47.478873239436616,206,1
356,b523af62-d27c-4ae1-8d00-a0629a00f691,200,111,55.50000000000001,3.0357142857142856,3.375,2.8214285714285716,2.857142857142857,49.857142857142854,139,1
357,b6194b99-8d5d-4cf7-8d63-8feea2b63842,161,86,53.41614906832298,2.625,2.9285714285714284,3.0,2.9107142857142856,57.02,165,1
358,b6386b6f-c928-4cbc-893d-91efe0bfc29c,164,89,54.268292682926834,2.7735849056603774,3.0754716981132075,2.811320754716981,2.849056603773585,51.79661016949152,171,1
359,b6cb44f3-ddcf-46b6-a3cc-b4b9b21d4c03,193,91,47.15025906735752,2.8656716417910446,3.044776119402985,2.985074626865672,3.2686567164179103,43.721311475409834,178,0
360,b78198d8-82b5-448f-a3e5-5b8add17ea8c,150,68,45.33333333333333,3.3333333333333335,2.9215686274509802,2.784313725490196,3.196078431372549,55.032786885245905,180,0
361,b7a1c693-8479-4ef0-bcdd-8a6e307d3c70,169,81,47.928994082840234,2.9393939393939394,2.9696969696969697,3.1363636363636362,3.1363636363636362,54.280701754385966,179,0
362,b7bae347-1d4b-47df-b8ac-93d7f9b2b75e,151,79,52.317880794701985,2.9655172413793105,2.8793103448275863,2.8620689655172415,3.1724137931034484,46.3859649122807,176,1
363,b918379b-d696-4b60-b0bb-7f698a85a31e,176,89,50.56818181818182,2.7746478873239435,2.9295774647887325,3.1549295774647885,3.1549295774647885,47.55555555555556,158,1
364,bb689e4b-e149-4957-913f-56a2760522cf,189,102,53.96825396825397,3.057142857142857,3.057142857142857,3.0285714285714285,3.414285714285714,51.06896551724138,162,1
365,bca2601d-af7c-4ebd-b585-59810ee1d341,174,91,52.29885057471264,2.721311475409836,3.081967213114754,3.2131147540983607,3.1475409836065573,47.84,230,1
366,be14aaad-1f1b-4019-81a7-9e8537d16022,171,87,50.877192982456144,2.823529411764706,2.823529411764706,3.0,2.9019607843137254,49.93333333333333,176,1
367,be7214d9-4c10-4f53-84e4-6b14a0763f07,185,97,52.43243243243243,3.086206896551724,2.9827586206896552,3.396551724137931,3.1206896551724137,48.28813559322034,169,1
368,bee4ae04-d428-46f9-89d4-27312873b3ec,190,106,55.78947368421052,2.9863013698630136,3.0136986301369864,3.1095890410958904,2.589041095890411,59.698113207547166,161,1
369,befaa9bf-5f04-40af-8cf7-954317df39f0,207,107,51.690821256038646,3.1016949152542375,2.9152542372881354,3.1016949152542375,3.2033898305084745,46.81159420289855,210,1
370,befe5505-d8fe-4cc1-a84b-bfbda727fc23,221,109,49.321266968325794,3.0517241379310347,3.5344827586206895,2.8275862068965516,3.0344827586206895,50.128571428571426,216,0
371,bf959bd5-62e4-4847-8f68-b9069862803a,162,75,46.2962962962963,3.1041666666666665,2.5416666666666665,3.0,3.0625,47.71875,169,0
372,bff0122e-cce4-49fa-85c6-84d80389ae13,164,95,57.92682926829268,3.3220338983050848,2.8983050847457625,2.864406779661017,3.169491525423729,41.51063829787234,144,1
373,c06e3927-9f5d-4e69-b954-fea0b60e27c4,175,85,48.57142857142857,2.8947368421052633,3.192982456140351,2.982456140350877,2.807017543859649,52.64912280701754,172,0
374,c0b6a616-bbf2-4bd2-bade-c92428e02a7f,158,81,51.26582278481012,3.1136363636363638,2.909090909090909,2.409090909090909,3.4318181818181817,41.85507246376812,222,1
375,c2697432-1d86-479e-8f9b-c2ef2eb922cc,187,91,48.663101604278076,2.78125,2.90625,2.875,3.15625,48.68421052631579,123,0
376,c2a842eb-5eeb-4933-a51c-ec5bb5311f84,185,82,44.32432432432433,3.1714285714285713,3.3,2.9857142857142858,3.0714285714285716,45.666666666666664,200,0
377,c35cc1b0-afb9-4a44-8ec6-224bb918c4ed,192,91,47.39583333333333,2.857142857142857,3.126984126984127,3.0317460317460316,3.0317460317460316,52.6,194,0
378,c38dc04a-37b0-45a4-86cb-b27ca1f4ea89,162,82,50.617283950617285,3.0943396226415096,2.830188679245283,3.169811320754717,3.1132075471698113,51.166666666666664,165,1
379,c42f73e1-50c1-4b7b-8ffd-349444eedbd4,186,96,51.61290322580645,2.7972972972972974,3.1621621621621623,3.135135135135135,3.0135135135135136,48.916666666666664,138,1
380,c5161f1d-c7f2-46ee-95b2-47412a7b57ac,177,95,53.672316384180796,2.9019607843137254,3.0,3.0588235294117645,2.9019607843137254,44.39622641509434,164,1
381,c58b4345-6953-444c-aea2-bbf47754eaf2,159,79,49.685534591194966,3.0277777777777777,2.75,2.888888888888889,3.1944444444444446,48.76470588235294,214,0
382,c629d01a-5135-4990-8cc7-1f340c40f746,166,78,46.98795180722892,3.0,3.0422535211267605,2.887323943661972,3.0422535211267605,46.870370370370374,158,0
383,c68bb85f-67d9-4a6f-b96c-ff06265fe13a,170,78,45.88235294117647,3.122448979591837,3.061224489795918,2.877551020408163,3.061224489795918,44.68333333333333,191,0
384,c6a23973-2307-4e4f-97ba-2d0d42c30892,165,86,52.121212121212125,3.240740740740741,3.0925925925925926,2.9074074074074074,2.8703703703703702,46.223880597014926,192,1
385,c6dfce7a-180e-4283-b465-1475c262954b,172,97,56.395348837209305,3.016949152542373,3.0508474576271185,3.457627118644068,2.9491525423728815,45.244897959183675,149,1
386,c712d4ab-5294-4b74-a8d2-bed54b6fc4ee,175,82,46.85714285714286,3.1607142857142856,3.3392857142857144,2.7857142857142856,3.267857142857143,51.81818181818182,87,0
387,c7b7f33b-1e57-46fd-a362-15f132f9966a,206,89,43.203883495145625,3.1551724137931036,2.9310344827586206,2.810344827586207,3.310344827586207,51.61666666666667,190,0
388,c8ac9973-70bb-4530-89ca-52f01d0d35d7,183,94,51.36612021857923,2.5357142857142856,2.7142857142857144,3.125,2.9285714285714284,47.45205479452055,213,1
389,c8b8dfae-76ac-4beb-a479-6820c1ef8e57,178,88,49.43820224719101,3.0727272727272728,2.7818181818181817,3.1454545454545455,3.0727272727272728,49.03225806451613,178,0
390,c9685c37-c938-4255-afcd-6b8492a7f849,201,105,52.23880597014925,2.8524590163934427,2.7868852459016393,2.8360655737704916,2.8852459016393444,50.30379746835443,235,1
391,c9ac29ae-eb45-498c-a49d-ea56c7795843,166,89,53.6144578313253,3.0701754385964914,3.1578947368421053,2.8596491228070176,3.1578947368421053,50.35,243,1
392,c9c6625c-ccfa-4168-9a3e-19867fa2097f,205,113,55.1219512195122,2.923076923076923,3.0307692307692307,3.123076923076923,3.169230769230769,51.68852459016394,172,1
393,c9d47467-ed6f-4ef3-8983-3585e2c1d9e9,199,102,51.256281407035175,2.925925925925926,2.9074074074074074,3.074074074074074,3.1296296296296298,50.5,190,1
394,cd1bbdb5-ad6c-4f9b-ac1a-953e3b397652,192,102,53.125,3.1206896551724137,3.1551724137931036,2.793103448275862,2.896551724137931,53.68421052631579,220,1
395,cdb45c5c-a7f6-44ac-8912-6d09020d29a4,191,101,52.879581151832454,3.1449275362318843,2.8840579710144927,2.8840579710144927,3.072463768115942,51.16393442622951,192,1
396,ced68499-b265-4866-be04-837625eff936,179,89,49.72067039106145,2.864864864864865,2.9054054054054053,3.0135135135135136,3.189189189189189,44.11594202898551,215,0
397,cf4259f9-303b-4f24-84a9-4b5a5ad545f6,155,89,57.41935483870968,2.608695652173913,3.239130434782609,3.0652173913043477,3.1956521739130435,53.738461538461536,195,1
398,cf5b511f-6da2-416c-a962-ce03e971606c,173,90,52.02312138728323,3.0972222222222223,3.388888888888889,3.1527777777777777,3.0555555555555554,46.36764705882353,205,1
399,cfeb773a-a2f2-4562-8b3a-a65d77b91541,173,74,42.77456647398844,3.1515151515151514,2.9545454545454546,3.106060606060606,3.212121212121212,50.490566037735846,156,0
400,d0ee3477-7366-4b6c-9979-d199ee83c309,174,87,50.0,2.8,2.577777777777778,3.0,3.2222222222222223,51.40350877192982,162,0
401,d139ebfd-bc71-41e7-b5bd-9e37ca11619f,173,74,42.77456647398844,3.0285714285714285,3.1,3.2142857142857144,3.142857142857143,45.55357142857143,153,0
402,d14b1a08-4e77-471a-bd34-cc242fcba195,164,78,47.5609756097561,3.0327868852459017,3.0327868852459017,3.098360655737705,3.262295081967213,48.19672131147541,183,0
403,d1ddaa41-6bf9-49c3-9ec4-3e3d4d9b1e37,161,83,51.5527950310559,3.076923076923077,3.0,2.6923076923076925,2.923076923076923,54.45454545454545,191,1
404,d1f5573e-8b41-4711-91af-e1ee4a18495f,170,102,60.0,3.324675324675325,3.038961038961039,3.155844155844156,3.051948051948052,50.60344827586207,188,1
405,d29bf37b-075a-4969-b5f9-89072aec20d7,165,86,52.121212121212125,3.0793650793650795,3.3174603174603177,2.984126984126984,2.873015873015873,43.75,171,1
406,d351e5d3-c732-451c-bea3-cf879efe1d80,199,105,52.76381909547738,3.1132075471698113,3.0943396226415096,2.7547169811320753,3.0377358490566038,49.79661016949152,168,1
407,d37c6522-71b7-404c-b914-17f612df9044,187,96,51.33689839572193,3.0793650793650795,2.5714285714285716,3.0317460317460316,2.9365079365079363,47.03846153846154,162,1
408,d3af08bf-715f-4e6a-b94d-413e07d1ba33,202,95,47.02970297029702,2.7586206896551726,3.5,2.8620689655172415,2.9655172413793105,51.25714285714286,177,0
409,d531743e-0242-4415-a5c9-0382b74a6eb6,192,88,45.83333333333333,2.8596491228070176,3.017543859649123,2.736842105263158,3.0,50.51851851851852,176,0
410,d5dc6925-3c52-4b3f-8f55-ce2bd0ada54a,180,78,43.333333333333336,2.96875,2.875,2.921875,3.015625,54.61224489795919,131,0
411,d63ebe88-8472-48b1-a655-7a5c25aa7253,216,105,48.61111111111111,2.8703703703703702,2.814814814814815,2.7777777777777777,3.0925925925925926,46.89393939393939,216,0
412,d722055f-8e5c-45d0-b7e9-1135394cdf43,159,84,52.83018867924528,2.792452830188679,2.6226415094339623,2.69811320754717,3.018867924528302,49.3859649122807,163,1
413,d7375ff9-b150-42c3-ac31-d2d742e14ac4,164,90,54.87804878048781,3.0377358490566038,3.3207547169811322,3.0754716981132075,2.9622641509433962,51.5,162,1
414,d73ea39c-b9e2-4a73-9dc8-b17d296fddf7,189,101,53.43915343915344,2.8867924528301887,3.1320754716981134,2.9056603773584904,2.981132075471698,44.549019607843135,161,1
415,d8162a77-eed9-4dfa-b997-e8c25757412e,163,83,50.920245398773,3.1132075471698113,2.8679245283018866,3.2830188679245285,3.0377358490566038,48.827586206896555,153,1
416,d8d4b97a-b3be-4b19-8331-ba2fe19c411e,152,86,56.57894736842105,2.984375,3.34375,3.203125,3.0625,56.421052631578945,166,1
417,d8d4e09c-833c-4c91-a4b3-fddf6218f168,191,92,48.167539267015705,2.888888888888889,2.925925925925926,2.9074074074074074,3.1666666666666665,42.63636363636363,161,0
418,d97d6d05-5564-46b0-a124-c6fc64b39689,185,92,49.72972972972973,2.609375,3.03125,2.984375,3.109375,48.557377049180324,189,0
419,d9f3f34f-3dbe-4e75-bc5a-1383dfdc5a02,194,114,58.76288659793815,3.0144927536231885,3.130434782608696,2.898550724637681,3.130434782608696,54.64705882352941,263,1
420,da690a54-c99e-4471-8dd6-45d5496ffb6d,184,85,46.19565217391305,3.0,3.157142857142857,3.0285714285714285,2.7857142857142856,56.28846153846154,156,0
421,db6c98bd-a960-45d0-a667-5ab654bf0b4a,193,92,47.66839378238342,2.6862745098039214,2.7254901960784315,3.1176470588235294,2.803921568627451,53.3469387755102,146,0
422,dbf426b2-081c-4d85-ad2e-4e0c3bf06ac3,173,91,52.601156069364166,2.9655172413793105,3.1206896551724137,3.086206896551724,3.0172413793103448,61.28333333333333,169,1
423,dc47f355-9af9-497a-8819-d103257f5412,170,89,52.352941176470594,3.0434782608695654,3.152173913043478,2.847826086956522,2.891304347826087,53.79661016949152,193,1
424,dc913ed9-d428-4848-a17b-d886232d4c6d,169,78,46.15384615384615,3.1451612903225805,2.774193548387097,2.7419354838709675,2.725806451612903,55.028985507246375,205,0
425,dd0bbae7-1fb5-48e8-adad-fe60c4c571d0,198,106,53.535353535353536,3.0,2.6216216216216215,2.918918918918919,3.1486486486486487,49.61971830985915,203,1
426,dd837b82-b00b-499f-ba07-11309b452125,181,87,48.06629834254144,2.847457627118644,2.6779661016949152,2.847457627118644,2.847457627118644,47.95238095238095,173,0
427,dda79526-b950-49eb-ae33-fb122c97ebf4,171,94,54.97076023391813,2.7288135593220337,3.016949152542373,2.864406779661017,3.3559322033898304,51.483870967741936,175,1
428,ddd0db03-a579-41fb-a5ba-4e8c80321008,172,91,52.90697674418605,2.96,2.96,3.14,3.08,48.20634920634921,197,1
429,df86e9c7-1e64-4235-8588-62336213ebfc,167,81,48.50299401197605,3.283582089552239,2.656716417910448,3.298507462686567,2.8059701492537314,48.21875,208,0
430,dfcf92f9-3214-4205-81fd-c85681d5ee43,191,93,48.69109947643979,3.206896551724138,2.9827586206896552,3.1206896551724137,3.1724137931034484,46.8235294117647,226,0
431,e0293a2f-ad70-477a-b7ce-f8e58f91e739,180,88,48.888888888888886,3.12,2.82,2.64,3.18,47.013888888888886,218,0
432,e05ff320-aa82-43ff-984f-748bab0527da,190,85,44.73684210526316,2.9402985074626864,2.8208955223880596,3.0597014925373136,2.7313432835820897,49.98076923076923,145,0
433,e08d6fc9-a8ec-4edd-b450-c4e0256c1f92,169,80,47.337278106508876,3.0,3.109375,2.875,3.140625,52.0188679245283,168,0
434,e0c06790-683b-4d4b-b55c-23a690a1ee6c,183,101,55.19125683060109,2.7205882352941178,3.1029411764705883,2.735294117647059,2.7941176470588234,47.53125,199,1
435,e11635ae-f1e2-4b8e-b7e6-5470def64dbe,170,91,53.529411764705884,3.323943661971831,2.7464788732394365,3.0704225352112675,2.9577464788732395,44.39705882352941,213,1
436,e1ab434d-8a25-46e6-9a89-76a376470557,203,104,51.231527093596064,2.7794117647058822,3.088235294117647,2.9558823529411766,3.0588235294117645,48.166666666666664,206,1
437,e2d3c9bb-e0cf-4362-9911-b520586dad88,175,92,52.57142857142857,3.1159420289855073,2.9855072463768115,2.927536231884058,3.0434782608695654,59.46875,179,1
438,e2dfd56e-3b4e-4495-85c0-c03228d2adfd,188,97,51.59574468085106,2.6721311475409837,2.918032786885246,3.0,2.901639344262295,48.52777777777778,219,1
439,e4f0a1a5-fcac-4853-91e1-3c3012344b7a,180,106,58.88888888888889,3.0350877192982457,3.1228070175438596,3.0701754385964914,2.982456140350877,50.25,136,1
440,e50cd517-2f50-41d1-b958-78c8f8b2a99c,183,103,56.284153005464475,3.169811320754717,2.792452830188679,3.0377358490566038,2.8867924528301887,47.2962962962963,132,1
441,e6122812-6762-4d98-bc5b-6992f35d0d77,153,90,58.82352941176471,2.9846153846153847,3.0923076923076924,3.0153846153846153,2.923076923076923,54.78688524590164,177,1
442,e623d946-f475-4b5c-9698-60671da3dd15,193,92,47.66839378238342,3.326923076923077,2.7884615384615383,3.1153846153846154,2.923076923076923,47.18333333333333,158,0
443,e6b331eb-50db-479d-9792-6d8afeaf1343,201,93,46.26865671641791,3.1724137931034484,3.1206896551724137,2.7241379310344827,2.8620689655172415,50.16949152542373,169,0
444,e76fc6f0-d52f-4b72-bf67-6d4592e5ce24,173,90,52.02312138728323,3.0714285714285716,3.057142857142857,3.1285714285714286,3.1,50.0,185,1
445,e827d912-e126-47d1-b4cb-c6e02eb1c14a,174,89,51.14942528735632,3.125,3.0,3.1666666666666665,3.236111111111111,47.68,157,1
446,e8810db8-9f0a-4b5f-a6b5-947511b98fd4,175,94,53.714285714285715,3.0,2.9846153846153847,3.0153846153846153,2.9384615384615387,52.36842105263158,166,1
447,e8fa00c7-0a09-49e9-b5d2-5084fd36dd65,183,87,47.540983606557376,3.2794117647058822,3.1029411764705883,3.1176470588235294,3.1176470588235294,41.666666666666664,153,0
448,e9218c61-21e3-4e6e-ab46-aa302eb52bb7,205,91,44.390243902439025,2.9078947368421053,3.263157894736842,3.4078947368421053,2.8026315789473686,46.79365079365079,186,0
449,e9722621-d878-4070-95fe-27612567cff8,195,98,50.256410256410255,3.1549295774647885,2.704225352112676,3.1549295774647885,3.2535211267605635,51.6875,193,1
450,e9d9aea6-8b2e-4f5a-8b70-289ca86b4e91,189,101,53.43915343915344,3.0392156862745097,3.1372549019607843,2.6470588235294117,3.0980392156862746,52.36842105263158,109,1
451,e9e8d021-3807-4cc0-80f7-f06fbd26c330,198,104,52.52525252525253,2.875,2.9464285714285716,3.0535714285714284,2.875,45.38095238095238,176,1
452,eac09e9d-417d-47ae-9179-6813e4039b9f,177,94,53.10734463276836,2.625,2.75,2.892857142857143,2.9464285714285716,46.96875,190,1
453,ead9a91a-c6a3-4bd2-9a5f-4ed0cc84f5a3,202,105,51.98019801980198,3.0161290322580645,3.2580645161290325,3.096774193548387,3.032258064516129,46.56603773584906,171,1
454,eb418ecf-9520-4641-98d1-841cb1a02e75,181,95,52.48618784530387,3.353846153846154,3.0,2.476923076923077,2.8923076923076922,46.983050847457626,196,1
455,ebd3dd8c-7548-4a1e-85a6-ae4780771ebc,174,83,47.701149425287355,2.803921568627451,2.7254901960784315,3.0784313725490198,3.176470588235294,46.57142857142857,185,0
456,ebfa1bd4-167b-42b1-8d1b-ae5a514ffe59,184,92,50.0,3.238095238095238,3.0476190476190474,2.9682539682539684,3.0317460317460316,47.33870967741935,187,0
457,ed589f55-f9ca-4334-9c18-fe1c651f5bd9,171,85,49.707602339181285,2.9027777777777777,3.1666666666666665,2.986111111111111,2.986111111111111,50.767857142857146,177,0
458,ed7af397-eb48-4f4c-ad45-d5c38f1ad88c,179,90,50.27932960893855,3.073529411764706,2.9705882352941178,3.1470588235294117,2.8970588235294117,55.65,190,1
459,edb35e7f-4df0-4947-bfac-abde167c20da,189,97,51.32275132275132,3.142857142857143,3.2448979591836733,3.3877551020408165,3.020408163265306,48.903225806451616,177,1
460,ee19273e-9d06-4011-b17b-dbaf753b5f15,171,92,53.80116959064327,2.9516129032258065,3.370967741935484,2.7419354838709675,3.1451612903225805,52.21666666666667,171,1
461,ee97d1cf-ea7e-4a89-b414-725c9f8b1198,187,99,52.94117647058824,3.074074074074074,3.0185185185185186,3.037037037037037,3.0,50.40677966101695,182,1
462,eeec4b62-ca23-432d-8471-0cc821c674b3,163,89,54.601226993865026,3.3076923076923075,3.1384615384615384,3.046153846153846,3.1538461538461537,51.39344262295082,189,1
463,ef1cb098-7e5d-496a-8405-5beb2d7bb2eb,158,81,51.26582278481012,2.8904109589041096,2.9452054794520546,3.0821917808219177,3.3972602739726026,44.67213114754098,192,1
464,efbb80ce-584e-4e02-8013-1ed8f39a6220,186,95,51.075268817204304,3.015151515151515,2.984848484848485,3.1666666666666665,3.212121212121212,45.370370370370374,161,1
465,f0b052bf-459a-4de9-abf0-2b4f21f2a67d,167,100,59.88023952095808,2.849056603773585,2.943396226415094,3.0943396226415096,3.188679245283019,48.875,168,1
466,f108149a-3a5e-49d0-bc0b-4ec2ae787905,190,98,51.578947368421055,3.185185185185185,2.9074074074074074,3.0185185185185186,3.0,45.71084337349398,233,1
467,f13b9adb-edbf-4069-93dd-43d809ce3842,153,76,49.673202614379086,2.8870967741935485,3.0161290322580645,2.903225806451613,2.7419354838709675,48.45454545454545,159,0
468,f153c8fb-923c-477a-9c03-58fb92548843,176,89,50.56818181818182,3.0526315789473686,2.754385964912281,2.807017543859649,2.5964912280701755,51.0,166,1
469,f177bd72-9d8b-4ae7-872c-c87bb1f66dee,187,94,50.26737967914438,3.2911392405063293,2.848101265822785,2.6455696202531644,3.1392405063291138,58.23076923076923,246,1
470,f208c06b-f65c-422f-9796-c0ff86eee685,193,98,50.77720207253886,3.0923076923076924,3.3076923076923075,3.0,3.353846153846154,54.018181818181816,178,1
471,f2656b17-bb1c-43a4-933c-06951ba2c964,178,107,60.1123595505618,3.2388059701492535,3.014925373134328,2.9402985074626864,3.1641791044776117,50.2972972972973,222,1
472,f27971d9-a170-4ea4-9567-a418c932ca23,189,95,50.264550264550266,3.078125,3.09375,2.890625,3.078125,46.37931034482759,159,1
473,f2e7756f-ae30-4639-95b4-5955f421dac7,179,94,52.513966480446925,2.830508474576271,2.711864406779661,3.152542372881356,2.8813559322033897,45.377049180327866,177,1
474,f335db47-8f27-4b73-9737-d18d07449ed2,173,90,52.02312138728323,3.30188679245283,2.7735849056603774,3.188679245283019,2.8867924528301887,51.9264705882353,189,1
475,f3d3fbdb-5190-4caf-8299-3510408d0d73,183,89,48.63387978142077,2.838709677419355,2.8870967741935485,2.9838709677419355,3.161290322580645,51.813559322033896,188,0
476,f438d10e-b0d2-4822-bce3-e256d03f21b5,155,76,49.03225806451613,3.0,3.2241379310344827,2.9827586206896552,3.1724137931034484,50.96551724137931,186,0
477,f4e84360-d075-49c5-90fe-763f2dd7382d,171,92,53.80116959064327,2.973684210526316,3.1447368421052633,2.8815789473684212,3.013157894736842,55.07575757575758,211,1
478,f560a51e-5fa3-470d-89c3-203431bd2341,176,79,44.88636363636363,2.8333333333333335,2.888888888888889,2.986111111111111,3.0694444444444446,52.84126984126984,173,0
479,f62bad66-e8ed-4285-8f82-e7500f28f0ed,184,97,52.71739130434783,3.0172413793103448,2.689655172413793,2.7758620689655173,2.7413793103448274,56.55223880597015,205,1
480,f68e1a24-ab50-494a-9ff7-0364caa4ace7,177,74,41.80790960451977,2.9393939393939394,2.909090909090909,3.227272727272727,3.015151515151515,43.67272727272727,154,0
481,f71f5c92-d8be-4899-a491-97dab2f7f615,140,80,57.14285714285714,2.9272727272727272,2.8727272727272726,3.2,2.6363636363636362,53.30508474576271,183,1
482,f80270b2-b8d5-4286-a872-93b8e9f650fe,164,82,50.0,3.0317460317460316,3.1587301587301586,2.984126984126984,2.5555555555555554,51.861111111111114,222,0
483,f8a470e1-d5da-46da-9a8a-d06867f8cb6e,170,84,49.411764705882355,2.9767441860465116,2.9767441860465116,2.8372093023255816,2.9302325581395348,48.125,173,0
484,f93ee289-50f6-4130-8efb-1cd3dd25c374,162,99,61.111111111111114,2.9508196721311477,3.2459016393442623,3.1147540983606556,2.7049180327868854,50.57142857142857,211,1
485,f9c034b1-c5aa-42c8-9ce4-5ac1d16d6a86,182,89,48.9010989010989,2.967741935483871,2.7580645161290325,3.0806451612903225,2.8225806451612905,47.507246376811594,194,0
486,faff1075-3045-4ca6-9428-c24fc47fd1bb,198,98,49.494949494949495,2.8333333333333335,2.966666666666667,2.933333333333333,3.1,53.28358208955224,188,0
487,fb0e51a1-f634-4c0b-afc9-a41ffa73a6a6,186,97,52.1505376344086,2.9508196721311477,2.9672131147540983,3.278688524590164,3.1147540983606556,56.588235294117645,208,1
488,fbb65577-0066-4fb4-a4e9-89a3e63fee71,163,75,46.012269938650306,3.09375,2.90625,3.140625,3.375,57.36842105263158,160,0
489,fbbe8c08-6e82-4977-b28e-1e540c49482b,183,95,51.91256830601093,2.8181818181818183,3.1666666666666665,2.9696969696969697,3.090909090909091,46.43636363636364,145,1
490,fcdfa651-8d29-4c72-98b9-8def4daa05b4,178,88,49.43820224719101,3.484375,2.90625,2.890625,3.078125,51.08695652173913,205,0
491,fce46063-1588-485a-83f2-4cac6ac5abe7,157,81,51.59235668789809,3.3333333333333335,2.95,2.95,3.1666666666666665,51.05172413793103,148,1
492,fd49abb6-8139-4761-a0aa-58cb99619fec,174,88,50.57471264367817,3.242424242424242,3.1363636363636362,3.090909090909091,3.227272727272727,49.0,182,1
493,fd59229c-ecb6-4fca-acd4-923cd5c17b17,193,92,47.66839378238342,3.088235294117647,2.7794117647058822,3.0,2.6029411764705883,46.906666666666666,231,0
494,fd5bb236-3a4a-4c6a-a4c5-8f320d5432b7,180,87,48.333333333333336,2.923076923076923,3.0153846153846153,3.0153846153846153,2.9692307692307693,53.35,203,0
495,fd9c4e44-7e81-444f-b543-1b8a91741ffe,201,100,49.75124378109453,2.7058823529411766,2.9607843137254903,3.0,2.9411764705882355,45.31428571428572,194,0
496,fe2b0653-6cef-4e40-90cf-1ba5b091a62d,168,86,51.19047619047619,2.582089552238806,2.8805970149253732,2.7611940298507465,2.8358208955223883,56.74576271186441,179,1
497,fe2df1f9-1eea-4293-99eb-9403ec14f443,171,79,46.198830409356724,2.9215686274509802,2.588235294117647,2.784313725490196,3.156862745098039,48.44827586206897,165,0
498,ff810218-0960-426b-b268-0c1eddb20723,176,95,53.97727272727273,2.8596491228070176,3.0701754385964914,3.4035087719298245,2.982456140350877,46.78260869565217,150,1
499,ffa4d3fe-b08e-4d52-be8f-93778991e0cd,157,73,46.496815286624205,3.25,2.9833333333333334,2.933333333333333,2.8,52.30769230769231,159,0
