,id,category,createdAt
0,cf308f13-d342-4e2a-b96a-a3ba6022d45b,Design,2013-10-05 05:05:08
1,bb82124f-91a8-4b2d-8165-9815a3a2b354,Electronics,1984-11-09 06:48:00
2,9cd7433b-80b1-417b-b3bf-20cb394d8029,Design,1997-04-07 17:35:00
3,e203fca1-5a8a-450a-961f-2629a1c61a8a,Mobile App Development,2015-09-14 23:52:57
4,bf94ba1b-cc5d-4141-b6d5-c0e9dff7040f,Electronics,2009-04-05 02:41:16
5,ebe5c5d3-1cb1-4647-8543-060235fd4bdb,Mobile App Development,2008-10-20 06:57:06
6,ea720a6d-56c5-4ac9-bf58-1dd0b018ddc0,Design,2019-01-02 02:01:37
7,735c70a1-ce37-444c-a4a4-12ba48a7872e,Design,2012-12-27 20:19:31
8,f39320fa-5fa5-4580-a420-a7307651f876,Web Development,1991-11-15 00:37:51
9,a552018c-e7b7-4589-a3cd-8503a6c2fac5,Web Development,2009-07-17 00:25:27
10,c1a5dd5e-2ba7-4fe1-a417-ba7521d414f9,Electronics,2023-11-07 02:06:55
11,9c3a3337-24cf-49ec-96d2-84c42d060228,Web Development,1979-01-29 14:41:46
12,74412000-317c-437c-914f-c97fc5cb8d3c,Web Development,2016-12-21 19:09:32
13,1e7a1e3b-a9ac-43c7-8bc9-3cc9d28065d6,Web Development,2020-04-15 13:39:22
14,952203e7-1f9d-43ba-8dbe-6b581c57c5d9,Programming,2019-10-02 13:11:50
15,e12a199b-6f68-43b5-9aee-ab6f3c51acb2,Mobile App Development,1974-02-12 10:35:19
16,de2a7779-3c38-4bfa-a9a6-34f2d8c14c4c,Electronics,1981-03-09 13:33:33
17,d959bad8-40fc-44df-889d-289675e91597,Design,1995-01-27 10:48:57
18,b197af82-c837-4529-bcf9-546cb8c9da19,Design,2023-09-15 06:06:04
19,9fa1a0e8-da5a-476f-b00c-59d531d71aa8,Design,1985-06-25 20:33:07
20,9be4f1c2-5032-4b7d-93d8-59f2c55517c2,Programming,1979-05-22 11:23:53
21,a375b828-6319-4da0-9e74-f281d62892ec,Web Development,2013-03-26 09:41:21
22,7d88337c-0bea-4265-b864-e425d3cad4b2,Web Development,1986-10-14 11:55:18
23,6473698a-4bb5-4f0e-a34d-004538ba4985,Design,1980-10-12 13:21:53
24,459fd11f-8867-44a9-a4d6-4f13d10dbecb,Mobile App Development,1989-02-14 15:34:07
25,de64d655-9834-4e2f-b71e-bfa9d4a6e6ef,Mobile App Development,2002-03-09 16:45:44
26,ae27c465-ee79-4890-a4b5-0006aadc7e7c,Electronics,2008-06-23 11:54:15
27,24e4e9d7-9a54-4bfe-bd60-dee8ac0a4a36,Electronics,1983-02-08 06:13:08
28,c874e18c-1f35-4d9b-a35d-0571682db395,Design,2023-04-04 15:57:33
29,690275da-fa3c-4309-82c2-2b4919ddf559,Web Development,1984-03-28 14:13:32
30,08b62de4-3e06-42c0-bff3-0fe9eb50697a,Electronics,2014-10-19 14:05:17
31,175b590d-e6db-438c-a472-7dcd746d2721,Web Development,1980-03-11 07:59:07
32,6278d581-efa1-41ee-9ea4-df904c44635c,Electronics,2022-03-25 14:02:26
33,1cffd3bb-bad8-4ffd-a4d1-948ad16b35a3,Mobile App Development,1992-09-24 11:05:17
34,9fa07b7c-52d4-436b-86c0-0f4b1a9ce7a1,Mobile App Development,2013-06-09 22:10:45
35,27ce002f-31d4-47ee-abd1-6e5003e87b39,Web Development,1994-10-24 14:32:09
36,0106aef8-8241-4c3f-a953-97fcc4d2a516,Electronics,2007-07-13 02:05:37
37,7cc33793-a3cf-43df-b275-d23f8a290bc9,Design,2000-07-23 03:03:13
38,6e0b76b9-4a3e-42d4-a615-fcfa58d5a99a,Mobile App Development,1998-07-19 18:59:30
39,f257e4e2-6146-49fb-bc2d-e2d228d0b77b,Programming,2017-01-05 04:29:16
40,0084234a-8f0b-4cab-b2cb-b5e343efab9c,Electronics,1986-06-26 18:55:02
41,3766b419-f417-4d84-89e7-90cf9663541a,Programming,2023-05-10 19:26:40
42,660b52fb-0f5a-4bee-a01d-2bd08b7bc29e,Mobile App Development,2018-08-07 07:11:28
43,bb1a378c-d745-403e-92bf-6b51cc47ab11,Programming,1987-06-15 03:55:37
44,fb451c3a-340f-40fd-b598-640c77336980,Design,1989-02-25 20:34:48
45,c1d8c6bc-01f8-4901-bfe8-b81a29eb43dc,Web Development,1978-09-29 10:03:04
46,9afc842f-7b48-4231-834d-629acc58d0e7,Mobile App Development,2011-05-08 16:26:02
47,d3f04669-9815-4094-8924-62c64615ce7a,Programming,2004-03-12 19:19:13
48,65407052-cf66-4911-8f67-cfc2321da10f,Web Development,2006-09-07 21:52:27
49,cfef29c2-3185-4bf3-9ee7-943ff9dce8be,Mobile App Development,2011-08-11 19:47:19
50,f1161c2c-d73b-4a4d-b86e-7f9ccfdfce03,Electronics,2006-03-13 08:08:40
51,fe9b1b56-f5e2-45f7-8c46-4be4ac4e661b,Mobile App Development,1983-10-08 23:12:03
52,7b220052-8b79-4b01-a335-7f483a713e3d,Programming,2019-03-22 03:41:43
53,47c28e9d-ec08-4e8b-bedf-715fd21cbd35,Mobile App Development,1993-03-24 23:15:11
54,f6ee589c-39ab-4f3d-a905-ec637b561e96,Mobile App Development,2010-08-17 17:29:47
55,331ab3bc-d2ae-4000-84ad-4c81efee1ddc,Design,2018-04-03 20:50:52
56,531b96cd-bbf8-47f2-a43e-c0dc2086d86d,Electronics,2011-05-26 22:51:26
57,4f48a23a-9d13-4662-a053-80c11a057e88,Mobile App Development,2007-12-05 09:05:35
58,255579ba-780c-47e7-a65a-b37776a75a04,Programming,2006-02-11 10:55:38
59,65c27f6b-6b48-4513-a40a-d492ddffd01d,Electronics,2006-05-15 14:01:00
60,1f11eca3-504c-417b-899d-3dfc678dee7a,Mobile App Development,1991-05-20 17:58:44
61,0df22466-d4b6-40e3-a4fd-ee823b843c8a,Mobile App Development,2022-08-22 04:36:37
62,f696b0f0-9072-49c4-a08c-c7a098f4a1d7,Programming,2015-03-29 01:19:42
63,323e5360-307d-4002-9b80-7a7605fb5140,Programming,1987-03-28 19:05:25
64,2166ef94-244c-442c-8344-9017a2a648da,Design,2005-02-05 08:31:00
65,a2500994-9499-4949-85f3-d884bc25c932,Web Development,2009-05-08 23:52:52
66,8ea6c908-f709-43a9-af15-527c4c7e5c19,Mobile App Development,1974-02-14 23:36:37
67,bbe81896-f624-4e66-8c3d-b20056c0fe80,Programming,1996-10-19 07:11:17
68,dd0e3100-03cc-4cb1-a62c-795eb78c2182,Mobile App Development,2002-06-21 17:03:10
69,a7536565-b2b1-4d4d-a49a-3f9a89ea44c9,Web Development,1975-08-15 22:59:54
70,e0a7201e-5abe-45aa-9ae6-ec8d9960f40d,Design,1998-04-26 09:50:57
71,973756b3-ed60-4eba-bcf9-272013c61a1e,Design,1972-08-28 15:02:36
72,d93112d7-6a98-4ca4-8c3c-dd62a6973dd2,Electronics,1982-04-07 00:56:06
73,4cf6fe0b-8c4b-416f-83e9-60b6ba6a395e,Web Development,2015-03-19 00:26:02
74,754ab2c0-0ea5-4774-b417-776e72f7fb2c,Mobile App Development,1997-11-16 06:57:51
75,76a7cc4e-e6fe-433e-a8c2-2cddb0dff34f,Web Development,2007-02-25 09:36:36
76,5ed5e355-8f29-403b-81da-0ad5b2ddf6e6,Web Development,2010-07-20 04:30:32
77,c88c33c7-c959-4bc6-afa1-6be457e64dcb,Web Development,1974-09-09 13:03:20
78,7478c7e8-7fd5-43e4-86e8-7287ce9a8be1,Mobile App Development,2017-11-25 20:00:55
79,429ba192-3ada-4065-8af9-086fc59c55eb,Mobile App Development,1986-02-17 22:43:59
80,f360d1ab-01c0-4f93-b564-66ad3a768939,Programming,1997-07-31 18:22:23
81,a811d77f-2747-49f1-9d52-16f2b9d6af17,Mobile App Development,2010-05-20 17:10:19
82,46575235-0b52-496f-8c08-603512773ea8,Mobile App Development,2020-01-17 10:55:01
83,69ef966a-f1b5-49d8-928b-9fac8bcc64e7,Programming,2019-06-21 21:15:44
84,dae4b589-c9bd-4979-886e-8e5ccce62492,Programming,1991-08-22 20:19:58
85,700a90bf-ad6e-4209-8d29-603964af54af,Design,1989-02-23 11:18:41
86,74d06bbb-84af-4633-9603-ee2d6edb4af0,Mobile App Development,1973-06-13 04:54:39
87,75d3323b-c7cf-4506-94ff-e7fbb1dacc3d,Electronics,2016-02-24 19:20:31
88,d31de324-6acb-4909-870f-68c7e1d5e910,Electronics,2003-09-21 03:12:10
89,6c5604b7-a203-4c50-ade6-7345c3cdd19d,Web Development,1973-09-17 09:11:37
90,829b5fea-5a80-442b-a559-b66635d82de1,Mobile App Development,2013-06-10 19:27:41
91,bdb8dc61-8e9e-4138-9876-2ccd4abfe255,Mobile App Development,1993-10-06 18:27:27
92,16f87b28-3790-4f6b-a44e-d400eff586b7,Design,2009-06-03 23:49:50
93,ac6a3060-728c-4425-9a9c-c3213e5a52cb,Design,2022-11-16 22:35:05
94,481692ac-a7df-41b0-adaf-fe72f638c46c,Design,1989-05-07 03:08:15
95,6a6c704a-c8fa-407d-ad16-b97ab9f621f9,Design,1977-09-24 15:49:38
96,4a01ef27-09de-46a1-ab93-240817b694de,Web Development,1975-10-21 14:57:24
97,d3e72ce3-ce40-4c2d-b978-56503d434843,Mobile App Development,2022-03-24 02:36:26
98,55dc7518-5f32-48e0-9025-b25b93478d6b,Programming,2022-09-15 21:18:12
99,77a368c9-a457-46a0-b782-beb22f03c40e,Programming,2013-04-08 06:05:56
100,b1d98cb8-100f-415d-8f83-fe090cd853a6,Programming,2016-08-17 15:40:36
101,4ff7275f-e724-4d2e-9992-3a206ee7c585,Web Development,2011-02-06 16:11:41
102,9654cb77-0589-4822-b334-11361d5d565e,Design,1979-11-08 13:37:02
103,85459ed9-da95-49ad-98c4-b0b63a931933,Electronics,1989-02-10 04:49:12
104,105ec541-341a-42a0-9353-ac0d43735323,Web Development,1977-06-19 10:18:54
105,6f4bda58-54e6-4dc8-9443-eea4bbfce28c,Programming,2020-09-09 05:19:06
106,c46b3b5e-3287-4bf6-8c4a-5de98a5cd473,Web Development,1986-10-14 15:39:59
107,7487ae78-1c85-4394-8eb2-ccce999709c0,Design,2011-11-04 03:21:58
108,5cc93600-727a-45ac-9179-0a83f3776832,Web Development,1979-11-23 00:35:58
109,27079619-c0ad-4761-a8a6-82df36dfd73b,Web Development,2005-02-02 03:28:07
110,c56ce550-b511-423f-a8e5-3d030ccedc27,Programming,1989-04-13 12:08:11
111,b76921c5-a917-445b-8131-758bb40da3e2,Electronics,1987-10-21 18:36:10
112,e0f92d01-bb71-4d57-a099-d2ef2bf37e18,Electronics,1973-05-17 02:31:09
113,98864c94-18a9-4155-a8b0-6c210795be59,Programming,2013-07-25 10:23:35
114,3e99b002-703f-46a2-bc71-b99b439d969e,Design,1979-12-23 05:50:44
115,e048c824-95a4-4af3-b6b5-084b29b53bf8,Design,2022-03-24 20:02:25
116,c90eddb3-ac4d-4db0-b0a3-f4189ed8e409,Mobile App Development,2006-10-12 15:18:26
117,3af1e74b-1ea2-48c3-acc8-14c41fecda36,Electronics,1973-10-26 01:28:03
118,57a3e159-f450-42aa-b244-7ac5e49acbb0,Electronics,1979-02-11 02:27:15
119,c8be3916-791e-4703-8a4a-ea4ba4db40e9,Mobile App Development,1976-07-13 04:58:22
120,9c24f95e-e8c9-4795-a319-12996d3dc8e2,Mobile App Development,1992-01-25 04:06:49
121,79337c19-7e90-4eb7-a799-0ae5b9691959,Programming,1999-05-30 03:54:59
122,41b6a2b7-e086-4de1-abba-b7c0a5240276,Mobile App Development,1994-03-07 21:06:44
123,48e52399-3132-471f-a041-c228ad3ea3ee,Electronics,1977-01-11 13:37:37
124,302cf6fd-1ced-4b18-a49a-a734b10947f4,Web Development,1994-07-20 20:38:11
125,2689ab31-3f77-4a46-ae14-f1eea5038917,Programming,1979-05-16 00:01:13
126,56247108-9368-4991-ba5c-fa1b181d3122,Programming,1988-11-12 09:08:35
127,90b578d9-1851-442c-a898-ea9da2a47c1d,Programming,2010-10-10 12:49:47
128,898c59a6-9f23-4423-af45-a1e2a0437510,Mobile App Development,2024-07-07 02:52:41
129,26101390-326b-4971-92e2-de2fb8b45f63,Mobile App Development,1981-02-15 12:22:49
130,e018fe22-d806-4a52-8867-91a9ed64b3a0,Design,1975-04-10 19:21:48
131,0b9a8664-68c5-4d15-80e7-82a4d71143d8,Electronics,2014-06-18 15:59:09
132,57a258e4-5da4-42e9-b3de-f52896fa0c52,Programming,1972-08-29 11:29:52
133,9407e7a4-8d9b-4621-a1f5-f8ccabcc1bdf,Design,2001-09-21 07:47:00
134,64507fb0-7be6-4923-8f79-7a4cb6f27e8e,Programming,1982-09-26 17:36:45
135,595bb3a0-84c9-4921-ac36-a62fffafbe19,Electronics,2006-12-23 01:00:41
136,c47f78d2-733e-47de-8ee8-523a74eb0875,Programming,2015-10-18 01:39:57
137,49e4003d-472c-41a8-9543-b69f3cb45ae1,Web Development,1991-01-30 00:25:35
138,0009b4c5-61ef-4033-8d07-2b9823539003,Electronics,1973-02-21 23:03:23
139,6dc3854d-9e37-452b-91da-65a105e23258,Design,2008-01-19 06:45:26
140,6d2abaf5-e3d8-4e84-99b3-2c68d573c116,Mobile App Development,2010-02-16 10:15:53
141,c2642e60-a87a-43a9-9e04-1311bb929db5,Mobile App Development,1999-07-28 20:27:21
142,0c4cfc4d-9012-4a52-bbf8-6bcb762e8a65,Mobile App Development,2022-01-02 22:18:03
143,7ef1cc26-5ec3-48ef-9213-bdc5da8cac35,Design,2009-06-23 01:21:31
144,eecf325e-11d3-4394-a7b0-285d19c42939,Programming,2024-02-15 12:50:05
145,64daa00f-db3c-4a34-817c-5afc38ae0bb3,Electronics,2021-08-13 17:19:02
146,1a0521d0-d8b7-4b20-b0e4-d56dd994b256,Electronics,2014-10-02 06:58:31
147,5b3b160d-e303-4732-a233-c734c0bee4e2,Programming,1998-12-24 14:43:53
148,a0f8c9e3-3e3a-4178-8af5-074fcbb76a4e,Programming,2018-07-13 19:36:29
149,bcbaaf09-6211-4678-8797-faadaa0a67b9,Electronics,1990-09-07 15:21:10
150,b7fb4467-fcbe-4622-8072-65636a79462b,Programming,1983-07-12 18:24:42
151,9738f660-e1fb-429e-981e-84a0c5c4b981,Mobile App Development,1999-08-30 21:07:10
152,e6bf88aa-757b-4f50-b9b2-4f44b5a45cc3,Programming,2016-02-05 19:43:53
153,0f9d651f-8e4c-4c3d-9ac7-12fef9f3e6b3,Web Development,1986-03-16 22:26:38
154,76206d6a-4839-473e-8e99-5774a9b0acdc,Design,2005-07-28 21:35:10
155,51156eb8-527e-4a62-96c1-1534fcfa1dbb,Programming,1998-11-12 00:39:25
156,9cd3a7ac-ace7-435c-a3c0-77093471b183,Mobile App Development,1980-09-09 10:01:51
157,0341769a-8314-410d-8a52-ba107d2039f6,Design,1986-05-18 08:50:46
158,bc865d5f-69c4-42d7-9631-853a5f455e0a,Electronics,1997-02-22 08:01:33
159,948e7435-30d0-4bed-8417-658ef4b376e1,Design,2020-05-09 05:48:38
160,236eb129-1576-4c41-a2dd-46c1b3daf366,Programming,1974-02-16 12:29:58
161,12d90d9a-620b-4106-863c-28905727fd45,Design,2014-02-12 19:25:41
162,48e469b0-2fcf-40e3-b953-63dc2c6f2928,Mobile App Development,2024-02-14 15:03:05
163,42354f97-782c-43f6-ace8-a2d67b3a4094,Design,1972-05-15 15:38:34
164,62e803f0-e74a-48f6-b6fd-fedb282b592a,Programming,2016-11-23 04:52:50
165,1cd314f8-03c0-4018-9117-b10a483a2248,Web Development,1986-12-22 06:42:58
166,e6e830c7-cc2d-4332-a3d4-8bb2a75e563b,Design,2011-02-24 22:36:43
167,118227d0-f672-429e-8c75-33bc5a464305,Electronics,2018-12-27 21:44:02
168,ff69ab36-2b8f-4fee-81dc-0f4a9f8a955c,Design,1970-09-20 09:34:11
169,4890cfdd-2599-4f44-a658-a8daae11f4d5,Design,1975-04-04 17:26:31
170,939e0acd-0a56-4aff-a9df-d3e2bf25b222,Web Development,1994-05-22 20:15:46
171,f1edcf49-9d09-467c-b178-9bd87d899846,Design,2014-05-26 14:47:09
172,a6968e36-0374-4180-a8a5-4bb724f1f8f5,Electronics,1988-02-05 06:27:11
173,2806772a-c229-42b0-bf3c-42cee59cca3c,Electronics,2018-05-11 11:22:52
174,79508707-eae3-4080-a44e-51c90e418090,Web Development,1984-12-04 02:57:49
175,9dede97a-6e6b-4067-9865-ba949e15d3cf,Electronics,2014-01-29 23:55:05
176,6cc38a26-e7c4-4ba5-bf30-cb791feb912a,Design,1999-11-27 04:17:10
177,130f3849-56c3-4444-ad95-c414134e1530,Electronics,2013-02-25 14:50:32
178,718a45aa-bc83-4442-9080-219035776f74,Mobile App Development,2008-10-12 03:56:48
179,9da3f4e0-0ef7-4d2b-8a9f-a7c01a716eaf,Electronics,2010-02-09 23:07:56
180,f1ac961e-412d-4f11-81fa-2751091fadea,Programming,2002-11-28 07:44:49
181,453a041d-b6d5-4e94-9a56-52728ebe1a38,Web Development,2006-12-21 09:32:10
182,d66e6a6a-f002-4f73-9b6f-94f7efed3280,Programming,2000-03-29 20:26:57
183,5fd2873b-76e3-4ac4-8dd0-f660527bdc23,Electronics,1995-11-16 08:03:17
184,6d6dc0c0-89e9-4dc5-a510-8464ea0a750e,Design,1986-09-30 01:00:10
185,b3a9b87a-5a86-4024-ae40-6a4319a83fcb,Electronics,2003-10-08 01:10:25
186,36d07b4e-81be-4dc6-8548-4e42c327ecb2,Programming,1985-09-29 23:41:33
187,5b0133b1-9212-4ef6-b7e3-0b4f7e483bed,Electronics,1974-03-20 21:19:03
188,7107801c-afbc-4373-bb8b-ab3a52d9553c,Design,1973-12-09 16:52:14
189,11eb99e4-07a1-4d3b-b2b0-5b56df3ff09a,Web Development,2011-03-09 20:11:20
190,60e80665-cc3d-4f37-b79e-a36286894a33,Design,2024-06-26 05:26:51
191,2bd0618d-8080-46c4-8f5f-7b56f2bec9ab,Design,1990-04-08 04:26:51
192,c818ee12-b69a-40c2-8e48-ea27dd68edc1,Mobile App Development,1971-11-08 04:44:14
193,5c935505-b9d7-4a13-a84f-450e24cd4f06,Programming,1995-11-04 08:49:58
194,60cd2bd5-7398-41d1-92f6-e03846b55a46,Programming,1973-10-02 21:27:42
195,df97189c-996f-4caa-ab54-b47e16a3b790,Web Development,2001-11-21 09:01:49
196,3ffedad3-4ea3-472b-b71d-8fd0959b955f,Electronics,1991-12-25 15:03:53
197,ba53189f-d9c6-4b8e-abe6-122e36bc6b18,Programming,2001-06-16 05:21:46
198,0a3ed106-27bd-4cbc-9d04-c2ff06a456ff,Programming,1990-07-10 16:23:30
199,9b51e9d7-a8a6-4c87-9885-f000ab6c7d6a,Electronics,2009-01-05 09:03:58
200,6e6a6217-2db2-49af-b1d7-133a37bc7d92,Mobile App Development,2023-04-05 07:39:03
201,4d126cbb-ef46-4d4a-a271-f227791649c6,Programming,2022-09-19 02:56:09
202,7babac8e-3e97-40b4-9ac4-07d4b6cf0827,Electronics,1973-03-25 17:51:25
203,1e8f772e-27a4-43cb-881c-2ee2c6957850,Design,1996-07-26 10:03:24
204,e1acfd83-4dbd-4e98-ab8d-07859a0e0a0a,Mobile App Development,2001-09-04 23:29:55
205,88fadfca-d6c0-4c99-b47d-f2fae75551be,Electronics,2000-11-23 17:39:49
206,1a0e5eed-7e0e-423d-a611-1f60af2b1375,Programming,1992-10-23 03:29:10
207,c53299f7-fd82-4f3e-82cf-4131fa6eb833,Electronics,2021-06-20 21:03:38
208,0cbcdfab-47e0-4ccf-9702-0f1f83a1edfa,Web Development,1988-05-05 14:02:56
209,51bb020b-2955-4d21-81fe-4da19d942344,Web Development,2015-01-31 22:20:15
210,982b05a6-a405-4c4d-ac64-bacefe3b8b34,Design,2020-11-28 10:41:11
211,fa87c823-ec50-487d-8422-085bb936a981,Web Development,1985-11-05 13:53:18
212,f616307f-079c-48b6-8ebb-a4ef019b0bc4,Mobile App Development,1996-12-29 11:30:32
213,008db580-3c2b-4db5-af90-1865dbe79b2a,Design,2021-05-13 09:30:17
214,d6472ea2-79e5-43e9-aaef-b5366c4d26bc,Mobile App Development,2008-08-15 11:31:44
215,7606d6f4-e9bb-43ca-94f5-5b723343ae2f,Mobile App Development,2013-05-01 20:07:20
216,378ac9ab-7580-4a25-ba53-565d91303a26,Design,2009-01-16 11:32:16
217,d1ef6ce5-4aa0-4443-9a86-5400cab5a852,Web Development,1996-07-16 10:43:21
218,f603e303-7d32-436a-909c-8fe02e5986f8,Electronics,1981-08-26 02:13:21
219,40ee7a9c-c528-4363-9168-8789bdf4809d,Programming,1971-12-08 11:00:39
220,69002420-5bb8-4865-a94a-baaae5df5a06,Mobile App Development,1974-09-17 09:37:19
221,ac1e3b68-18e5-4c52-b44d-f84c665c20c0,Mobile App Development,2014-01-26 23:48:24
222,cecdc4d7-c6b8-4d94-9549-29c532b0029f,Programming,1996-12-05 02:10:09
223,eda72247-8b1b-4963-a386-14e6f947317d,Electronics,2018-07-22 08:29:58
224,6f606f26-3946-4025-a68a-86155e94d717,Programming,1995-06-06 11:37:41
225,bb7eec2a-5547-469d-b4ca-b6268bee58a6,Web Development,2002-06-24 23:19:32
226,5eb59354-8246-4200-a6ca-7e9e4eda2a73,Mobile App Development,1984-04-30 10:52:49
227,30d832ac-c332-4db0-ad5c-dcd1b1475941,Design,2005-02-09 22:05:26
228,cc815a15-b3fe-48c0-ba3f-fff50999f68d,Programming,2001-03-29 17:33:01
229,0a83b0da-f34a-484f-9f8b-6b1f4b6cf70c,Mobile App Development,1976-12-25 18:21:08
230,0f6866e1-5c5a-4c09-8132-2a04d01eebff,Web Development,1992-05-09 05:07:43
231,fe3ad52d-9d18-463d-953b-1267ca4bf9dc,Mobile App Development,2010-01-28 17:51:33
232,79ce4335-91bf-4149-bf4f-b1d2963cfe51,Web Development,1973-12-18 11:57:11
233,269cf0dd-a9e8-4fec-ab69-0139370530c5,Electronics,1992-05-14 18:19:19
234,d7fe6530-898a-4438-aa2e-c0b9f0cc6375,Programming,2014-12-12 04:08:40
235,69ada4a9-5727-4ac7-acc3-6bb3fb5c1e15,Programming,2023-05-05 10:43:39
236,4c42dc24-05b6-4987-abf4-d90214780ae6,Design,2001-08-15 00:41:12
237,37eede47-a817-47d2-8d0f-04a8fd0c23e2,Programming,1984-09-23 16:48:37
238,ff2abd42-54b9-4803-8e33-b34a08ccf03e,Programming,2007-05-30 18:43:51
239,30bf3ed2-0526-407f-9000-40cfd4360cc4,Web Development,1974-09-17 00:18:02
240,e4797b05-8cfa-49b5-9511-ff5c9fdb6b8a,Mobile App Development,2020-08-05 23:27:52
241,bcd84041-7678-4790-9be7-e18178bd5649,Programming,2019-08-19 06:07:48
242,cb5b1a24-a70b-43e9-b21b-90cb0105095c,Electronics,1973-02-28 08:00:00
243,413eb598-af1b-4887-b941-10c4df54bc92,Web Development,1999-05-28 16:44:30
244,19aa0485-a30c-452b-86ca-786ba11c6478,Electronics,2009-11-13 12:57:45
245,a6b16351-f80e-45e8-9acf-68609a86fcf1,Web Development,2005-08-24 13:29:21
246,3b649e4a-a5a2-4496-aef9-42648681a8e6,Programming,2002-11-20 09:54:01
247,37b7f6b4-6993-4b12-a05c-402a3b8b18c2,Web Development,2006-05-02 16:08:16
248,f8227046-8c14-48c3-be6e-4592ada743fe,Electronics,1978-10-13 07:56:16
249,dbd52c28-83b8-44c2-ac44-f7bb7228f284,Web Development,2009-02-18 00:27:32
250,1a7ad1ba-fdc8-4e8d-8a1b-a779a1d810e2,Design,1992-07-11 11:01:55
251,371e38c5-b826-49f1-b0d6-78fabf41ef6e,Web Development,1983-09-17 01:50:33
252,fabdfc1f-8674-4a6d-a1e9-d5d89c2f5aa0,Mobile App Development,2023-04-04 02:38:45
253,0605e04d-4e4b-4527-a95a-091c570eed02,Design,1990-01-28 18:13:25
254,70dc22ef-2bba-4977-9e4f-b0f5cd01f626,Web Development,1988-04-16 13:44:59
255,10c5bc2f-c26f-41be-8a4a-6e985ab2c77b,Web Development,1977-09-24 10:43:14
256,2f6bdb2b-9bb3-4b81-85ca-3dd1a9035702,Electronics,1996-05-12 16:44:16
257,d74e0e22-6256-4138-8467-2fe005422927,Electronics,2003-12-08 03:33:03
258,35296af1-13af-4ec4-b83a-7ede5a5311cd,Design,1970-06-30 03:04:27
259,2a1e2990-c8c2-4adc-9f5f-59c18a8f3237,Programming,1995-07-20 02:58:24
260,65ca0099-3bd2-411e-b5c7-b78828ce68b1,Design,1972-09-07 23:07:41
261,2adebd8f-ede3-47a2-bb10-5fcedc8c388f,Electronics,1994-04-09 11:50:32
262,9e05469f-fae5-4f17-8c10-62258606e6a8,Electronics,1977-04-17 08:48:50
263,f8c90b26-45b5-4095-b90d-77005a03fd38,Design,2012-04-01 01:06:53
264,c8b466e9-1bd9-4e84-9cc4-0bee8b506f84,Design,1975-08-14 01:17:34
265,adb273ff-0c62-4cb3-8a29-fdbe74d45781,Web Development,1974-11-26 15:03:41
266,e5df3516-6ab8-4ce7-9881-5b412c894f55,Mobile App Development,1996-06-15 00:25:01
267,81618c7f-50bf-47ac-9b1b-48e9f5f778ac,Mobile App Development,1993-07-04 00:47:48
268,c7a0ecda-17e9-4885-a032-b4fc8609af61,Design,2007-09-12 15:56:24
269,07903abd-c927-4d2f-ac0b-52a739160415,Programming,2009-05-10 03:00:32
270,0698ce27-aee0-4e67-9960-f85b3d902c25,Electronics,2023-11-25 23:01:24
271,eb52badb-d659-4435-b596-10b8b407e4d4,Design,1995-08-20 01:19:11
272,a6a624f2-ac79-431c-8a30-4250f2f5000b,Programming,1979-09-06 13:28:04
273,2c5ca469-e455-4c28-ac07-f41825c1cd7c,Programming,1977-05-02 06:52:44
274,2c06d58b-4563-4ae0-a582-c8d631b682a8,Electronics,2018-01-29 14:44:46
275,5141708a-815a-4b14-a8e1-e480c33aff8b,Electronics,2010-09-19 02:37:22
276,83c249a6-ee40-4771-91a1-d897a4c13301,Electronics,1980-07-19 18:36:46
277,04f2597e-05b2-4b0d-9544-6268a99dc6e9,Mobile App Development,2008-08-14 08:30:15
278,23dd230e-7968-4e06-b060-0664dca937ce,Web Development,1979-01-15 10:09:32
279,e249134a-eba5-4e8b-b1b3-ea297f47ba62,Electronics,2004-07-12 00:40:11
280,63c060cf-90ac-4233-bc07-4112df444180,Web Development,1994-01-31 00:30:20
281,07691c73-6682-4eac-b108-d860354acae8,Electronics,1972-04-05 08:29:09
282,f0f06df4-a5d4-47be-bae4-a46b13b1582a,Mobile App Development,1982-04-13 05:24:10
283,dde7af59-31e2-42d9-acbe-b643ae02f19d,Design,2009-11-26 11:47:30
284,17c4ad6b-c30d-49cf-a5c6-b63694c5d4e0,Web Development,1983-06-04 07:25:06
285,6328e89a-ca85-4282-9063-79ed054f8d45,Programming,2014-05-30 13:14:13
286,2711d5ba-fae2-4acd-b5b6-1fc299c71bb0,Mobile App Development,1981-08-04 02:11:08
287,5939c817-8854-4f3d-af94-bbfcd4a161f0,Electronics,1980-12-29 08:12:36
288,f8e5be82-3f15-4615-a85c-27d1986b41fe,Programming,2007-11-28 12:56:07
289,81e6f140-0680-4eb9-88df-d4aa5c715fa8,Programming,1989-08-16 21:04:26
290,431d1b4e-3937-4ddc-8901-a953e9d3f18e,Programming,1989-06-25 02:40:00
291,96e22d83-dda3-4bcc-a50d-6c162b0a288f,Mobile App Development,1985-04-20 20:12:14
292,c5a2cab2-2946-4f6a-a93c-a0cfd54933b8,Programming,2024-07-04 07:09:44
293,008aff8f-98b7-4d2e-a1d9-9d85cc60d19e,Programming,1976-01-08 07:28:20
294,ef2c55e6-f73b-4435-8b0f-5c003471ecf7,Design,1986-03-21 10:52:40
295,f1e83f5b-e3a4-4f2b-b562-eb81d352b044,Web Development,2002-03-25 07:30:02
296,7524475c-9788-4556-a224-7c94143fdd53,Mobile App Development,1989-09-07 03:57:04
297,c8b69384-f188-409b-9c04-3d625ef868cc,Web Development,2000-12-26 07:14:48
298,ec8c7e4f-d4bc-45d5-83e1-a103a50b55c2,Electronics,2003-07-18 18:43:29
299,3d43a31b-9dfb-4dc2-a24c-279e01e211d2,Electronics,1979-07-13 12:04:07
300,5c87bbd8-73bf-40d6-b342-d5c5cbe99843,Mobile App Development,1994-09-17 14:35:55
301,778fba89-89ff-4c3c-a0d6-dafd5e4d4eef,Programming,1981-09-27 16:27:52
302,ca4537d3-40ab-4a64-b993-b0b00fffaa6a,Web Development,1985-04-04 00:39:53
303,0f9c7a92-f8a1-4f8b-96ff-5a1ca5fd9e96,Mobile App Development,2021-02-25 19:22:43
304,1ca5716e-7fe8-4355-b62c-5a539d709e17,Programming,2005-07-21 22:44:00
305,db3d4251-c087-4bd2-b1ba-bb3b82847cfa,Programming,2006-12-10 10:39:54
306,12954aa8-ca77-430f-8cd2-068013d7b079,Programming,1984-11-13 13:18:24
307,6645dd70-78f1-433b-b946-1c5c384c7cd5,Web Development,1974-07-31 02:17:33
308,daf9684e-0b89-464f-a8a4-c502014d79d8,Design,2014-04-14 05:41:28
309,bb0f6674-6a25-4a6a-ab41-4f57a2e1fb14,Web Development,1981-07-01 06:12:53
310,48cff3d1-2c91-420b-bbb7-e82eade3ff31,Electronics,2015-07-10 11:31:22
311,d608a5d0-8a44-44d9-b849-e7edc5e54812,Design,1996-01-02 04:34:57
312,348e6d52-e2b6-4b07-ba81-99fd5c9b8798,Web Development,2009-08-12 10:36:18
313,0e87154f-29ff-48e1-a9eb-f85cd10b6201,Programming,1979-08-16 06:38:30
314,e2c1c04a-c0f2-4109-85e7-ada00e826515,Design,1972-02-15 12:26:32
315,d3407a7e-f033-48ca-9329-b6cc4c7e7848,Programming,2019-08-30 00:36:58
316,47e37f4c-a732-4fb2-a5ff-8b3283a6a575,Electronics,1994-12-15 18:24:27
317,8a17dc43-4052-467d-b5d5-e6a1f84d72d2,Electronics,2018-09-13 02:11:42
318,d82b8a8d-a4a3-4026-abc6-622789d58c88,Web Development,1972-10-11 14:39:08
319,add1928e-3b97-4746-9f51-9dd8220392af,Design,2002-11-10 04:56:59
320,38e055c3-909c-460a-a14c-23f5c44a90ed,Programming,1986-04-24 16:54:32
321,8c8278f9-1832-4197-8307-e12fd72cb40b,Web Development,1975-08-27 21:05:59
322,47e508a6-35e6-46e5-9c83-a9791fbab01f,Web Development,1974-06-10 00:17:38
323,0cb54ac8-27a7-496c-bd13-a6fcf121c50e,Web Development,1989-10-25 06:25:51
324,43a481dd-e6d0-49fb-8fe8-2b5254321c9b,Programming,1999-11-25 05:41:55
325,b1896d37-2a9c-4858-9a89-7a8250f38652,Design,1990-10-26 16:51:37
326,2e33c398-723c-4be1-8962-68b9fcc2a676,Programming,2008-02-01 16:22:24
327,378ddd3e-886f-4ce2-b57a-e69cfbceabf6,Programming,1985-04-22 12:53:00
328,75d5753f-2bee-41cd-8c2b-2fbb3f7815bd,Mobile App Development,2022-04-06 20:16:53
329,306dbbfb-6940-472a-8489-29b6729fa9a7,Electronics,1995-02-14 00:36:46
330,5b6c3688-60f2-4ab2-8555-f2742d23a9b3,Programming,1977-07-08 21:03:00
331,f60cda92-74df-4b50-b480-82c95ab23174,Design,1986-01-16 15:07:30
332,3efd803b-56d1-45a6-a447-aa4d0ee35bed,Mobile App Development,1998-06-26 13:16:11
333,76f8023e-40a7-4e5b-9ee2-efed3d0ae9c0,Design,1994-02-20 07:58:52
334,caf49cd0-3117-4f45-a44d-1b9584f409d2,Mobile App Development,2015-10-16 18:24:59
335,e6b48d4e-e72e-4d3b-a138-65b7cbfd51ff,Electronics,1980-02-01 22:41:32
336,cc6ab872-230e-45c8-820e-3889c57f5abf,Electronics,1984-06-11 20:03:40
337,a7739d1e-b5e3-4a8c-9af6-20e32ccdf488,Web Development,2017-02-23 11:38:24
338,01a7f292-8f23-4095-a4e5-2044d68ee831,Electronics,2008-12-24 20:43:14
339,60c4702a-215c-461d-bc88-1f85f2ccf381,Design,2013-09-21 12:28:48
340,e9dc31c0-faeb-453b-b25a-8fb4742b4bf3,Electronics,1980-04-08 00:25:00
341,1d7eb38b-0baa-41e6-b4fc-3ea99987b30e,Mobile App Development,1976-12-07 22:11:47
342,8c9cf1bc-4bd7-4ea7-99ae-091371024f2d,Electronics,1993-12-16 09:57:23
343,1f22076f-392a-4f28-9f15-431087c9caa0,Design,1987-09-24 00:03:26
344,f629349a-20e8-4fec-9cfe-23af730636d9,Programming,1978-01-12 03:35:29
345,ca3dc7c7-9057-4080-9a94-9874c4659255,Design,1970-12-23 14:29:37
346,bf82d932-1277-4ea4-acde-363872328bd1,Mobile App Development,1994-01-16 05:24:50
347,812f708e-0462-4ef9-8d7b-4cff97d50b58,Mobile App Development,1993-10-31 16:40:02
348,d98aad30-67f7-4d80-b86e-e252546b61cb,Design,1984-10-23 06:38:30
349,f9c60e67-b2ef-4c6d-84cb-16b9428dc849,Mobile App Development,1994-01-25 14:48:30
350,0b0754aa-7cc4-41f3-abf8-dc9c3842868b,Web Development,1989-07-08 15:42:36
351,cd98a025-e0d4-4ff6-b2db-5aca38d98f02,Programming,2016-09-23 16:24:37
352,5ee60cfa-d25b-4bee-b855-946e56a72fa5,Web Development,1975-02-23 12:23:19
353,da21fc50-1746-4048-bbf2-5edbd1552525,Electronics,2008-04-20 18:17:49
354,99cd2b31-46b6-49f2-9f15-e68ed5652297,Programming,1987-04-07 09:17:29
355,f2ee387e-49da-4a3a-badc-ec24d7009221,Web Development,1974-08-15 23:23:06
356,eec83480-a155-4dfa-915b-4c1800951dca,Programming,2007-04-10 06:26:30
357,08c665df-9966-4def-b7bf-0233f9231ad4,Programming,2016-08-27 17:07:59
358,0ec99cca-6c5a-447a-9016-ac21f1cdcde9,Mobile App Development,1981-07-14 13:55:23
359,c9d622a8-ee9f-4326-8408-2d4162b8cee8,Web Development,1982-03-25 04:05:28
360,d0121d93-c974-4286-a8a9-d3de74af7a34,Programming,1985-08-23 06:38:12
361,74f63e60-50be-47cc-a5fc-7e6cfbffc966,Web Development,2019-02-12 20:18:54
362,bddebacd-8863-48c4-beed-10e24db88c01,Electronics,1976-02-05 04:28:13
363,5ecccc46-c627-4102-8a55-d4c6a0605c36,Electronics,2013-08-04 12:07:40
364,17e451c1-8edf-4d74-842c-5531a56df01b,Design,2022-08-03 14:46:37
365,b4225afe-1321-4e24-ab8d-cf4bafcf1bac,Mobile App Development,2003-12-22 05:43:06
366,a0dd1c3c-1fbd-4e1e-b4dc-6f68352318d1,Programming,2002-09-11 20:58:22
367,af246e56-b836-4bdb-86ea-3a54130c5e1a,Design,2010-08-02 17:58:09
368,aabd086a-3054-470b-9323-40c111e6bcf9,Programming,1998-05-21 16:47:32
369,fe5d9d17-3d85-415c-8181-f53ba7375173,Design,1984-08-09 09:30:46
370,d9a04e97-755b-4330-a74e-4f63d8c73c3d,Electronics,1972-09-07 15:57:27
371,20adbf79-93b8-45d2-affa-ce83e7dc671d,Mobile App Development,2003-02-24 21:58:43
372,3fb4b11e-a5ba-4872-aca1-189ccb07b55f,Mobile App Development,2007-01-19 18:08:48
373,0314f046-750c-49a2-b1cb-199773fe412d,Web Development,1976-12-05 12:10:28
374,6f186cfa-3924-4e86-bdf4-d4212d2c4af0,Mobile App Development,2010-07-10 06:43:49
375,056cc2a7-be2d-44c3-8640-b38defbc65b0,Mobile App Development,1976-05-03 11:33:25
376,3bc74384-04b6-46bc-bc34-6b3c2ad63abc,Design,1978-09-05 18:07:47
377,b7f90255-bb06-4378-950c-57abbb4538e5,Electronics,1991-03-29 19:32:33
378,8f472036-4b60-489d-8e20-1694b4e76f6e,Electronics,1978-08-13 04:21:39
379,ed062521-d7a7-4e76-bc37-169c712c7105,Programming,1979-08-30 03:47:12
380,46b66fa9-5bfc-4f03-be02-7b0e436f9c9d,Programming,1977-02-21 19:23:50
381,4248aed0-f9e7-425d-826c-21d45b1fbbd3,Web Development,2009-03-20 08:55:25
382,0510f036-adc6-43f0-8990-bbd7e1cb79c7,Web Development,1989-07-28 12:56:40
383,3794d071-a613-4742-8e68-5d02d7dfcc66,Mobile App Development,1992-06-24 08:55:25
384,be69cef6-0ae6-40a8-9550-aca324894710,Mobile App Development,1984-01-15 19:13:59
385,51c3f417-7b6e-47ce-afa2-a7a1501d509f,Web Development,1972-02-18 12:05:50
386,98371eab-6d9a-4dac-901d-7004d1326791,Design,2008-08-23 15:14:40
387,33cb198e-dcaf-4f59-9246-6988786dc95c,Mobile App Development,1996-07-13 06:15:43
388,1e65396a-8adb-407e-9563-ad7a7deec957,Mobile App Development,1995-02-10 00:58:24
389,1e250cf8-ce96-4bb1-8e8b-a13284d6cff2,Electronics,1975-04-19 17:31:26
390,ceec99b9-ef17-4a00-b734-f419587003d2,Web Development,1998-10-07 11:55:47
391,6eff7f4b-0eae-4b9d-994e-0a71d4a36dea,Web Development,2013-07-31 10:50:42
392,e2a1a435-6a42-4bb4-8e07-37a769a7f7d4,Mobile App Development,1970-01-18 23:46:05
393,d39cdda1-a9c8-44c1-97a3-30d4a083696b,Electronics,1972-09-23 08:52:16
394,a5cddb98-13d5-41f5-a13f-cb5d80a4b655,Mobile App Development,1978-07-28 08:52:57
395,728215cd-1ccb-4ade-a154-16e47562e88a,Design,2005-06-18 03:30:27
396,45f81367-7dc3-4b2a-955b-42c647baadca,Electronics,1986-03-01 04:10:07
397,f02400b9-7d51-477a-a1cf-24f7fde59946,Electronics,1970-01-19 12:59:12
398,bc2a5742-2fee-4003-a71d-e042f9b8c71b,Programming,1994-12-30 18:09:14
399,155570d1-fad7-4e91-bc05-0d10ea5df30e,Programming,2023-12-17 08:33:31
400,8f56511e-10b1-44de-af15-a302c3177629,Programming,2014-02-19 10:34:41
401,db95370a-db8a-4dde-8e19-fcf961aa66b4,Design,2014-04-07 00:41:41
402,5cc6147a-184e-44a9-a0a6-31e800689f73,Electronics,2009-09-04 08:22:24
403,7739c9ac-12ef-4230-a790-da27c2315b7c,Web Development,2016-07-01 09:28:23
404,493a830d-ff8e-47da-868b-4f927050cb04,Design,1985-10-30 14:55:27
405,ad147d75-53e5-48bd-a837-01cede504494,Electronics,1990-09-16 09:17:24
406,0979b21f-5673-494f-91ce-54d12f341afa,Mobile App Development,1973-12-21 15:36:05
407,11d28c9f-1c47-481e-92d2-bc59e7745a0a,Electronics,2012-04-19 05:34:47
408,c07cdb0b-eb1e-4850-8248-b763e0c5b563,Design,1980-08-27 05:10:09
409,57ebf474-bed0-4cc8-9820-a9a20a611a05,Programming,1999-05-07 10:30:14
410,e486a12d-ed45-4fc9-8c4f-950ceb2a467a,Mobile App Development,1986-03-09 21:17:01
411,88c72bf7-a564-4d4b-b3af-44f0c14e4fd3,Web Development,2006-03-07 08:21:10
412,b028117f-abec-480a-802b-9383500e69e4,Web Development,2013-02-13 12:32:14
413,1f27ae0a-b1e5-4e67-a055-b84edd3a2a0f,Programming,1986-12-15 13:34:25
414,d7cefeee-4c97-4ed9-a642-87b955d15112,Mobile App Development,2023-09-10 15:23:53
415,45185039-9838-4ad0-8ba5-53bc6b4499c4,Programming,2005-01-12 12:29:35
416,f3767cab-4cdb-4c15-bf02-ab63d1e70faf,Mobile App Development,1997-05-16 07:04:08
417,492bd040-0969-48f0-8223-1403d4d49ca8,Mobile App Development,2008-05-31 03:15:56
418,82cf7a40-1882-454a-8bee-4c4b30a135d1,Design,2008-10-17 03:00:25
419,079d2d34-7406-42f0-8735-42a53a37d845,Design,2022-09-27 17:03:29
420,56116efa-977f-4e58-9a34-33eed0b74602,Mobile App Development,2017-06-14 01:21:43
421,2aa6469a-378c-4f92-bada-c6f92d9e2446,Programming,1996-06-08 06:25:19
422,16a6fd94-d6b3-4c0f-8b68-4aa3bc504fc1,Electronics,2003-05-06 23:28:06
423,d5b9236b-1853-4f74-8039-ac43628bbe7a,Programming,1989-02-18 03:46:31
424,19a6c8b3-a054-4a48-860a-ed7e37202a54,Mobile App Development,1984-08-05 06:29:59
425,223038ce-a45d-4037-913f-b906bffc44cf,Electronics,2002-03-02 16:44:51
426,a6681b6a-8d30-4735-8bd9-9e4d6eeedefc,Design,1982-11-26 16:43:33
427,febb6ee5-69bc-49ce-873c-a970617d2cd6,Mobile App Development,2003-11-06 13:13:45
428,1840689a-9a1b-483d-ba47-6352c3d2bbc1,Electronics,1985-01-10 14:48:17
429,e76f8cfd-e74b-41fb-8b57-95e1708efe0d,Design,1996-06-29 05:33:17
430,a7efeceb-6b76-4d16-bc8a-a7fb563200e0,Programming,1979-04-15 16:59:47
431,7a7371d7-8b20-4247-b2db-1e344c121c69,Electronics,2022-09-06 01:29:25
432,21dacf48-eb97-412f-bb65-ac6f2ad3ddca,Electronics,2018-02-26 11:43:05
433,6fba582d-64f6-4447-bbaa-c8f023495bd6,Programming,2001-04-30 02:18:41
434,e0a99a94-3b58-496f-89a8-44808680b114,Web Development,2023-06-13 03:36:09
435,314529bd-e1c0-4d76-a70c-75b60224de33,Mobile App Development,2003-02-08 21:07:31
436,2b72d419-3d97-4287-b7ab-9510c41b16bf,Design,2019-12-12 11:16:55
437,367c55d8-4e8d-4250-92e2-30c93c6e04b9,Programming,2022-08-12 18:30:01
438,3c88adfe-ced8-46f8-98bf-0db5ee6b0257,Web Development,1991-05-20 07:42:27
439,3822a075-0b61-4c6f-99e2-ab01256b8f9d,Web Development,1974-12-20 22:37:06
440,0d073a5f-919b-43c1-896c-964564543dd5,Mobile App Development,1990-07-21 21:06:01
441,12787478-b3a5-4724-90e1-a99853935c7d,Mobile App Development,1991-09-03 05:08:33
442,9dccc540-e62d-4f0d-9962-37edae69c58c,Web Development,2014-03-27 20:02:33
443,d58c1e67-e5dd-4026-a0c3-16c4805e2d87,Mobile App Development,2013-03-01 22:39:08
444,a4d0e4f2-c8a5-44b2-a87f-86ca6cce9995,Web Development,2000-07-05 00:48:43
445,82fc1042-bff6-4c09-bee7-3ac526b1237f,Mobile App Development,1978-11-26 16:38:00
446,5e8f1173-3107-407b-a07e-80b5b06e2aee,Web Development,2012-06-27 03:53:34
447,8bb033b7-2297-48fd-92cd-464487c41eb6,Electronics,1975-10-24 16:16:51
448,e03f0fc3-e67f-44f9-956c-2fc56072550b,Programming,1978-03-26 14:57:34
449,72404e10-7f2a-4e45-9077-406e36d23509,Web Development,1987-02-22 21:26:20
450,453e895e-9970-46b0-9d61-cc8e67a564d3,Mobile App Development,2018-03-05 16:27:17
451,9f4ec1c3-7158-401b-a3b6-3d48aaae10fe,Web Development,1997-11-29 12:21:03
452,7f482acc-6b3f-45fe-8d37-fa6e8366f467,Electronics,1975-07-05 02:57:12
453,0ce00a64-3838-4c29-b2dc-574278757a81,Design,1994-10-11 06:09:52
454,e9fdaf2d-bd00-4864-b3ba-3558e14d25be,Programming,2022-03-10 10:07:16
455,9ac3086f-00f8-4b97-824d-9e731d840c40,Electronics,2021-01-23 08:55:14
456,d26edc5d-be9a-46af-b620-efae1d705627,Programming,2005-08-26 16:26:35
457,aeb1aec7-7952-4070-aa6c-f2a7476a0e1e,Electronics,1982-12-05 07:39:44
458,acf34fa0-2673-48eb-8c7d-ec5ef10a7c05,Design,1994-04-29 03:48:46
459,6d554321-c338-413d-abf3-d939e66e8ced,Programming,1980-02-27 10:34:10
460,5f56dd29-700d-40b9-afcd-b8e3cca90e00,Programming,2018-11-20 02:29:19
461,b1d2c9d6-c1e3-4867-a658-26b6c810f0f0,Mobile App Development,1974-09-13 07:37:44
462,5d2ea7ea-e9a3-4222-99f5-8bb8edcb7b5e,Programming,2022-02-19 10:21:45
463,7b547ec2-6fbe-456f-9b9a-c29a3923f27d,Mobile App Development,2023-08-05 20:30:57
464,e91874da-6f44-417d-a7c2-37c075d33683,Mobile App Development,1971-04-09 02:09:43
465,e97cf9ab-5ddd-4a9a-9914-201cc9ce9aaf,Design,1993-12-12 21:55:21
466,2311cf3c-3f09-4871-9ace-711b94b838ea,Mobile App Development,1985-11-22 10:33:39
467,975c46db-60bf-4549-aa20-fdbd27351adf,Programming,2006-08-30 10:25:01
468,9c82de68-88e8-4f77-a77c-85a0d1e800d9,Electronics,1989-10-10 09:17:26
469,fad6e6f1-b2fe-478f-812a-159b827e5f2f,Electronics,1978-05-23 02:58:05
470,a2cd1a45-41e6-499d-abe2-464cf8afa527,Programming,2009-07-30 03:34:54
471,7f82e311-732b-4434-bdf7-490e85c80f81,Design,1974-12-25 04:04:15
472,5266ea62-4170-47a8-946e-e679456f8096,Design,1989-08-25 05:36:33
473,f0ff61cd-13ad-48a4-b9f8-14c0edc45fda,Mobile App Development,1982-06-28 00:54:13
474,4a8d3db0-d38c-4e53-aa1b-adae3d047f64,Web Development,2013-12-23 07:21:48
475,30cbf32f-057a-41ce-a334-b87cb4e65d86,Web Development,2007-01-15 16:18:50
476,5d70ac5b-a9c2-44a5-bf88-0615861bff33,Electronics,2005-03-22 04:36:55
477,00b15d54-3bd4-43ff-90de-236c8989355e,Electronics,1975-07-01 21:12:46
478,362af4ce-4ec4-4a32-b255-d073a08b76f3,Electronics,2009-11-19 03:04:33
479,0e16dfb1-6209-4670-a2e8-5ab31aaf184e,Design,2001-01-17 17:35:55
480,f458a214-309a-4f8f-9843-318145bd956d,Design,1972-04-26 14:28:04
481,cca7f2e9-aabc-467c-93d9-73a5289efecb,Electronics,2018-05-22 09:45:02
482,c54c4db0-bbb1-483f-af35-49f992bb4778,Programming,2005-12-31 03:27:14
483,2f9baedf-f5da-4587-8c7f-9cb4aee595c0,Mobile App Development,1993-07-06 06:21:14
484,f8fb4811-9a74-453b-bf8f-ff5106a563db,Programming,2004-06-06 09:18:31
485,42f4ffad-b77a-40b6-a49f-fd64507e07ff,Mobile App Development,2008-07-10 13:49:22
486,5c7eca91-1cd0-4c18-aca0-fb92b49263b2,Electronics,1971-12-23 06:58:19
487,69a9929e-ccc1-4141-80b3-1997b03b8dec,Programming,1993-07-16 05:11:39
488,04f0f6fb-e8e4-4ad5-b4ca-4b0cfd97cf14,Web Development,1996-10-17 06:05:32
489,c7c908e8-97f7-41d4-b4cf-2aa450a0a968,Web Development,1998-09-28 22:33:22
490,bec1a3d6-0546-4013-960a-533e163289e6,Programming,2010-05-19 10:56:00
491,ecb8f25a-2849-471e-ba1c-5ef70af80edb,Programming,1999-03-30 04:08:57
492,70577f12-b3dc-49f4-8647-ab363a8d98d8,Electronics,1985-10-04 06:08:54
493,71187b47-a257-4300-aa10-1a138c31ea42,Web Development,2017-10-31 12:48:15
494,d22a3b83-58bf-44ac-9573-86132c5dcb1c,Programming,2003-10-01 14:48:18
495,93543257-5ccf-4072-a1e9-82ac537b1acd,Design,1990-04-14 14:04:36
496,2b3250b1-d8f0-4c81-99fe-084bd8175354,Design,1980-10-05 02:38:04
497,203a263e-fbff-41b6-a1cc-ab299b21ec2a,Design,1973-05-22 19:41:14
498,62840af2-ed29-40c0-8b63-260e9bbe7efd,Web Development,1986-01-09 06:30:21
499,bfb1b173-6110-43b3-b452-bc8562436448,Programming,2020-08-01 17:57:36
